variant_id,removed_component,method_id,target_field,mask_type,train_seed,n_windows,n_missing_points,abs_error_max,abs_error_min,MAE,missing_rate,missing_length
remove_weather,weather_condition,diffusion_no_weather,Power_0,random_point,11,3580,3580,0.5904670357704163,3.814697265625e-06,0.04030427331368735,0.05,
remove_weather,weather_condition,diffusion_no_weather,Power_15,random_point,11,3580,3580,0.47700832039117813,8.374452590942383e-06,0.032493633687828566,0.05,
remove_weather,weather_condition,diffusion_no_weather,Power_30,random_point,11,3580,3580,0.6584561131894588,3.1050294637680054e-06,0.03569827405059712,0.05,
remove_weather,weather_condition,diffusion_no_weather,Power_45,random_point,11,3580,3580,0.7067223154008389,1.1146068572998047e-05,0.04033298079087486,0.05,
remove_weather,weather_condition,diffusion_no_weather,Power_0,random_continuous,11,3580,3580,0.5903400704264641,3.330409526824951e-06,0.0403532778742313,,1
remove_weather,weather_condition,diffusion_no_weather,Power_15,random_continuous,11,3580,3580,0.4550726246088743,5.794398475700291e-06,0.03144662833871783,,1
remove_weather,weather_condition,diffusion_no_weather,Power_30,random_continuous,11,3580,3580,0.43195609748363495,9.468876100982015e-07,0.03589789966418572,,1
remove_weather,weather_condition,diffusion_no_weather,Power_45,random_continuous,11,3580,3580,0.6169229447841644,2.1504665710381232e-06,0.04071401559495081,,1
remove_weather,weather_condition,diffusion_no_weather,Power_0,random_continuous,11,3580,7160,0.5817976295948029,1.3172626495361328e-05,0.03983788917093227,,2
remove_weather,weather_condition,diffusion_no_weather,Power_15,random_continuous,11,3580,7160,0.5631214380264282,1.3771185649602558e-06,0.031893500708288954,,2
remove_weather,weather_condition,diffusion_no_weather,Power_30,random_continuous,11,3580,7160,0.4346213787794113,9.834766387939453e-07,0.037851839474574926,,2
remove_weather,weather_condition,diffusion_no_weather,Power_45,random_continuous,11,3580,7160,0.530599694699049,1.6837137764014187e-06,0.041428644732035794,,2
remove_weather,weather_condition,diffusion_no_weather,Power_0,random_continuous,11,3580,10740,0.7710367050021887,1.1480510693218093e-06,0.043637075180490904,,3
remove_weather,weather_condition,diffusion_no_weather,Power_15,random_continuous,11,3580,10740,0.5476471036672592,3.8743019104003906e-07,0.03580237769146307,,3
remove_weather,weather_condition,diffusion_no_weather,Power_30,random_continuous,11,3580,10740,0.5543214678764343,2.5597400963306427e-06,0.04036126795619966,,3
remove_weather,weather_condition,diffusion_no_weather,Power_45,random_continuous,11,3580,10740,0.5717285424470901,2.9266897794144597e-09,0.04455493611910265,,3
remove_weather,weather_condition,diffusion_no_weather,Power_0,random_point,22,3580,3580,0.6028913855552673,1.0367017239332199e-05,0.04163242824301529,0.05,
remove_weather,weather_condition,diffusion_no_weather,Power_15,random_point,22,3580,3580,0.4998466596007347,1.0952353477478027e-05,0.028663469838867875,0.05,
remove_weather,weather_condition,diffusion_no_weather,Power_30,random_point,22,3580,3580,0.43208326399326324,5.461275577545166e-06,0.03046420835352258,0.05,
remove_weather,weather_condition,diffusion_no_weather,Power_45,random_point,22,3580,3580,0.5311602652072906,1.6746491837693611e-06,0.037017644785169515,0.05,
remove_weather,weather_condition,diffusion_no_weather,Power_0,random_continuous,22,3580,3580,0.5817723274230957,1.712888479232788e-05,0.03998297656995094,,1
remove_weather,weather_condition,diffusion_no_weather,Power_15,random_continuous,22,3580,3580,0.472292996942997,7.502734661102295e-06,0.029811231625150952,,1
remove_weather,weather_condition,diffusion_no_weather,Power_30,random_continuous,22,3580,3580,0.44188378006219864,2.078711986541748e-06,0.032187419882416815,,1
remove_weather,weather_condition,diffusion_no_weather,Power_45,random_continuous,22,3580,3580,0.5320593193173409,1.2089912161172833e-05,0.03731209597024965,,1
remove_weather,weather_condition,diffusion_no_weather,Power_0,random_continuous,22,3580,7160,0.5626365840435028,2.7138739824295044e-05,0.040120805359114275,,2
remove_weather,weather_condition,diffusion_no_weather,Power_15,random_continuous,22,3580,7160,0.620863176882267,1.341104507446289e-07,0.030313216787529053,,2
remove_weather,weather_condition,diffusion_no_weather,Power_30,random_continuous,22,3580,7160,0.41669872403144836,5.245208740234375e-06,0.03165783465056154,,2
remove_weather,weather_condition,diffusion_no_weather,Power_45,random_continuous,22,3580,7160,0.6239396631717682,4.283156158635393e-06,0.03985221136996758,,2
remove_weather,weather_condition,diffusion_no_weather,Power_0,random_continuous,22,3580,10740,0.6094255149364471,1.7285346984863281e-06,0.04408836592539843,,3
remove_weather,weather_condition,diffusion_no_weather,Power_15,random_continuous,22,3580,10740,0.7342694252729416,2.7865171432495117e-06,0.032882573553408526,,3
remove_weather,weather_condition,diffusion_no_weather,Power_30,random_continuous,22,3580,10740,0.7025482803583145,1.1920928955078125e-07,0.0357915467564751,,3
remove_weather,weather_condition,diffusion_no_weather,Power_45,random_continuous,22,3580,10740,0.7506911605596542,2.544296194173512e-06,0.04206192036081224,,3
remove_weather,weather_condition,diffusion_no_weather,Power_0,random_point,33,3580,3580,0.5754270553588867,5.6032886277535e-06,0.04034355340916301,0.05,
remove_weather,weather_condition,diffusion_no_weather,Power_15,random_point,33,3580,3580,0.5208499804139137,9.816408237384167e-06,0.03080206112807057,0.05,
remove_weather,weather_condition,diffusion_no_weather,Power_30,random_point,33,3580,3580,0.4217950701713562,9.812414646148682e-06,0.033529109266403,0.05,
remove_weather,weather_condition,diffusion_no_weather,Power_45,random_point,33,3580,3580,0.5758813321590424,3.129243850708008e-06,0.04265510920803759,0.05,
remove_weather,weather_condition,diffusion_no_weather,Power_0,random_continuous,33,3580,3580,0.5769850611686707,2.1105746782268398e-05,0.03911024068128981,,1
remove_weather,weather_condition,diffusion_no_weather,Power_15,random_continuous,33,3580,3580,0.4600676894187927,3.844499588012695e-06,0.03229194664072667,,1
remove_weather,weather_condition,diffusion_no_weather,Power_30,random_continuous,33,3580,3580,0.4047785848379135,3.3229589462280273e-06,0.03270231494669606,,1
remove_weather,weather_condition,diffusion_no_weather,Power_45,random_continuous,33,3580,3580,0.5853370726108551,5.560818863159511e-06,0.04241390256556795,,1
remove_weather,weather_condition,diffusion_no_weather,Power_0,random_continuous,33,3580,7160,0.6773121990263462,6.256107099034125e-07,0.04341753499875197,,2
remove_weather,weather_condition,diffusion_no_weather,Power_15,random_continuous,33,3580,7160,0.4385865218937397,1.9371509552001953e-06,0.03303803145385901,,2
remove_weather,weather_condition,diffusion_no_weather,Power_30,random_continuous,33,3580,7160,0.5403904616832733,3.0249357223510742e-06,0.03581551496214134,,2
remove_weather,weather_condition,diffusion_no_weather,Power_45,random_continuous,33,3580,7160,0.5552779585123062,1.6689300537109375e-06,0.04538411623213319,,2
remove_weather,weather_condition,diffusion_no_weather,Power_0,random_continuous,33,3580,10740,0.6969753571320325,6.420537829399109e-06,0.04564922068663481,,3
remove_weather,weather_condition,diffusion_no_weather,Power_15,random_continuous,33,3580,10740,0.6531107574701309,6.854534149169922e-07,0.036284098945381434,,3
remove_weather,weather_condition,diffusion_no_weather,Power_30,random_continuous,33,3580,10740,0.6634199619293213,1.048436388373375e-06,0.03821350661257335,,3
remove_weather,weather_condition,diffusion_no_weather,Power_45,random_continuous,33,3580,10740,0.6392656564712524,3.1962990760803223e-06,0.051338438605563426,,3
