target_field,mask_type,history_setting,reconstruction_method,n_windows,abs_error_max,abs_error_min,MAE,n_points,status,missing_rate,missing_length
Power_0,random_point,complete,none,3580,0.4393402934074402,5.2675604820251465e-06,0.034889593720436096,3580,completed,0.05,
Power_0,random_point,masked,none,3580,0.42588135600090027,7.788464426994324e-05,0.038626134395599365,3580,completed,0.05,
Power_0,random_point,reconstructed,linear_interpolation,3580,0.42558711767196655,1.7071142792701721e-06,0.03522607684135437,3580,completed,0.05,
Power_0,random_point,reconstructed,gan_imputer_11,3580,0.4353211522102356,7.152557373046875e-07,0.03488880768418312,3580,completed,0.05,
Power_0,random_point,reconstructed,diffusion_no_weather_11,3580,0.4338216781616211,1.601874828338623e-07,0.03494282811880112,3580,completed,0.05,
Power_0,random_point,reconstructed,proposed_weather_diffusion_11,3580,0.4268506169319153,1.341104507446289e-06,0.034990500658750534,3580,completed,0.05,
Power_0,random_continuous,complete,none,3580,0.4393402934074402,5.2675604820251465e-06,0.034889593720436096,3580,completed,,1
Power_0,random_continuous,masked,none,3580,0.44891515374183655,2.5331974029541016e-07,0.03911784663796425,3580,completed,,1
Power_0,random_continuous,reconstructed,linear_interpolation,3580,0.4420691132545471,1.9827857613563538e-05,0.03538166359066963,3580,completed,,1
Power_0,random_continuous,reconstructed,gan_imputer_11,3580,0.44241049885749817,2.2470951080322266e-05,0.03498532995581627,3580,completed,,1
Power_0,random_continuous,reconstructed,diffusion_no_weather_11,3580,0.44136691093444824,7.115304470062256e-06,0.0350789912045002,3580,completed,,1
Power_0,random_continuous,reconstructed,proposed_weather_diffusion_11,3580,0.4467194378376007,1.8173985154135153e-05,0.03507395461201668,3580,completed,,1
Power_0,random_continuous,complete,none,3580,0.4393402934074402,5.2675604820251465e-06,0.034889593720436096,3580,completed,,2
Power_0,random_continuous,masked,none,3580,0.5205349922180176,4.991888999938965e-06,0.04291744902729988,3580,completed,,2
Power_0,random_continuous,reconstructed,linear_interpolation,3580,0.5024309158325195,3.4689903259277344e-05,0.035886168479919434,3580,completed,,2
Power_0,random_continuous,reconstructed,gan_imputer_11,3580,0.44530463218688965,1.6362675523851067e-05,0.034962814301252365,3580,completed,,2
Power_0,random_continuous,reconstructed,diffusion_no_weather_11,3580,0.44134634733200073,3.3155083656311035e-06,0.03503391519188881,3580,completed,,2
Power_0,random_continuous,reconstructed,proposed_weather_diffusion_11,3580,0.4449229836463928,7.867813110351562e-06,0.03513249009847641,3580,completed,,2
Power_0,random_continuous,complete,none,3580,0.4393402934074402,5.2675604820251465e-06,0.034889593720436096,3580,completed,,3
Power_0,random_continuous,masked,none,3580,0.6202808618545532,6.255869720916962e-06,0.04540368169546127,3580,completed,,3
Power_0,random_continuous,reconstructed,linear_interpolation,3580,0.4395139217376709,4.038214683532715e-06,0.03657687455415726,3580,completed,,3
Power_0,random_continuous,reconstructed,gan_imputer_11,3580,0.43360471725463867,2.868473529815674e-06,0.03507997468113899,3580,completed,,3
Power_0,random_continuous,reconstructed,diffusion_no_weather_11,3580,0.4311993718147278,8.676023526277277e-07,0.035142406821250916,3580,completed,,3
Power_0,random_continuous,reconstructed,proposed_weather_diffusion_11,3580,0.4322283864021301,2.389711653449922e-06,0.035218700766563416,3580,completed,,3
Power_15,random_point,complete,none,3580,0.4102974236011505,1.8086284399032593e-06,0.036089543253183365,3580,completed,0.05,
Power_15,random_point,masked,none,3580,0.3827851116657257,4.417137006385019e-06,0.04010223597288132,3580,completed,0.05,
Power_15,random_point,reconstructed,linear_interpolation,3580,0.4079313576221466,2.6226043701171875e-06,0.036557991057634354,3580,completed,0.05,
Power_15,random_point,reconstructed,gan_imputer_11,3580,0.40994691848754883,3.7621821320499294e-06,0.036002326756715775,3580,completed,0.05,
Power_15,random_point,reconstructed,diffusion_no_weather_11,3580,0.4108915328979492,1.3027340173721313e-05,0.0361061654984951,3580,completed,0.05,
Power_15,random_point,reconstructed,proposed_weather_diffusion_11,3580,0.4093627631664276,6.686896085739136e-06,0.03613611310720444,3580,completed,0.05,
Power_15,random_continuous,complete,none,3580,0.4102974236011505,1.8086284399032593e-06,0.036089543253183365,3580,completed,,1
Power_15,random_continuous,masked,none,3580,0.5032798051834106,6.57886266708374e-06,0.03975249081850052,3580,completed,,1
Power_15,random_continuous,reconstructed,linear_interpolation,3580,0.47461792826652527,4.6603381633758545e-06,0.03686648607254028,3580,completed,,1
Power_15,random_continuous,reconstructed,gan_imputer_11,3580,0.41008779406547546,8.434057235717773e-06,0.036140233278274536,3580,completed,,1
Power_15,random_continuous,reconstructed,diffusion_no_weather_11,3580,0.4101581871509552,2.1517276763916016e-05,0.03617451339960098,3580,completed,,1
Power_15,random_continuous,reconstructed,proposed_weather_diffusion_11,3580,0.4086442291736603,2.8133392333984375e-05,0.03621750324964523,3580,completed,,1
Power_15,random_continuous,complete,none,3580,0.4102974236011505,1.8086284399032593e-06,0.036089543253183365,3580,completed,,2
Power_15,random_continuous,masked,none,3580,0.5005595088005066,1.8491049559088424e-05,0.04403650015592575,3580,completed,,2
Power_15,random_continuous,reconstructed,linear_interpolation,3580,0.41033774614334106,1.315772533416748e-05,0.037529356777668,3580,completed,,2
Power_15,random_continuous,reconstructed,gan_imputer_11,3580,0.4102471172809601,3.9449600990337785e-06,0.03621271997690201,3580,completed,,2
Power_15,random_continuous,reconstructed,diffusion_no_weather_11,3580,0.40950173139572144,3.635883331298828e-06,0.03640052676200867,3580,completed,,2
Power_15,random_continuous,reconstructed,proposed_weather_diffusion_11,3580,0.4099538326263428,1.259148120880127e-05,0.03653863072395325,3580,completed,,2
Power_15,random_continuous,complete,none,3580,0.4102974236011505,1.8086284399032593e-06,0.036089543253183365,3580,completed,,3
Power_15,random_continuous,masked,none,3580,0.5538134574890137,1.1086463928222656e-05,0.04362881928682327,3580,completed,,3
Power_15,random_continuous,reconstructed,linear_interpolation,3580,0.4121573567390442,1.8491049559088424e-05,0.037277307361364365,3580,completed,,3
Power_15,random_continuous,reconstructed,gan_imputer_11,3580,0.41030779480934143,1.2814998626708984e-05,0.0360899418592453,3580,completed,,3
Power_15,random_continuous,reconstructed,diffusion_no_weather_11,3580,0.4084465801715851,2.6747584342956543e-06,0.03609137237071991,3580,completed,,3
Power_15,random_continuous,reconstructed,proposed_weather_diffusion_11,3580,0.4109179377555847,1.6391277313232422e-06,0.03625538945198059,3580,completed,,3
Power_30,random_point,complete,none,3580,0.43927469849586487,6.377696990966797e-06,0.03646300733089447,3580,completed,0.05,
Power_30,random_point,masked,none,3580,0.42883217334747314,1.126900315284729e-05,0.040911994874477386,3580,completed,0.05,
Power_30,random_point,reconstructed,linear_interpolation,3580,0.44404706358909607,7.271766662597656e-06,0.037385743111371994,3580,completed,0.05,
Power_30,random_point,reconstructed,gan_imputer_11,3580,0.44310569763183594,8.165836334228516e-06,0.0365329347550869,3580,completed,0.05,
Power_30,random_point,reconstructed,diffusion_no_weather_11,3580,0.4431428909301758,1.7464160919189453e-05,0.036588236689567566,3580,completed,0.05,
Power_30,random_point,reconstructed,proposed_weather_diffusion_11,3580,0.4411856234073639,1.5430152416229248e-05,0.03664834797382355,3580,completed,0.05,
Power_30,random_continuous,complete,none,3580,0.43927469849586487,6.377696990966797e-06,0.03646300733089447,3580,completed,,1
Power_30,random_continuous,masked,none,3580,0.48848217725753784,1.1020908459613565e-05,0.041263021528720856,3580,completed,,1
Power_30,random_continuous,reconstructed,linear_interpolation,3580,0.4379952549934387,1.6082012734841555e-06,0.03734578564763069,3580,completed,,1
Power_30,random_continuous,reconstructed,gan_imputer_11,3580,0.43762245774269104,2.237291664641816e-05,0.036554742604494095,3580,completed,,1
Power_30,random_continuous,reconstructed,diffusion_no_weather_11,3580,0.43702760338783264,5.0514936447143555e-06,0.03654421120882034,3580,completed,,1
Power_30,random_continuous,reconstructed,proposed_weather_diffusion_11,3580,0.43765297532081604,5.9913377299380954e-06,0.036635078489780426,3580,completed,,1
Power_30,random_continuous,complete,none,3580,0.43927469849586487,6.377696990966797e-06,0.03646300733089447,3580,completed,,2
Power_30,random_continuous,masked,none,3580,0.5208845138549805,1.5230612007144373e-05,0.04485916718840599,3580,completed,,2
Power_30,random_continuous,reconstructed,linear_interpolation,3580,0.4404378831386566,1.8194317817687988e-05,0.03752955049276352,3580,completed,,2
Power_30,random_continuous,reconstructed,gan_imputer_11,3580,0.4380962550640106,3.6444514989852905e-05,0.03651436045765877,3580,completed,,2
Power_30,random_continuous,reconstructed,diffusion_no_weather_11,3580,0.4384288787841797,8.929520845413208e-06,0.03657502308487892,3580,completed,,2
Power_30,random_continuous,reconstructed,proposed_weather_diffusion_11,3580,0.4364748001098633,5.9604644775390625e-06,0.036599110811948776,3580,completed,,2
Power_30,random_continuous,complete,none,3580,0.43927469849586487,6.377696990966797e-06,0.03646300733089447,3580,completed,,3
Power_30,random_continuous,masked,none,3580,0.6264177560806274,1.6391277313232422e-07,0.046175792813301086,3580,completed,,3
Power_30,random_continuous,reconstructed,linear_interpolation,3580,0.48519596457481384,1.3414770364761353e-05,0.0377921387553215,3580,completed,,3
Power_30,random_continuous,reconstructed,gan_imputer_11,3580,0.43409499526023865,3.463029861450195e-05,0.03657900169491768,3580,completed,,3
Power_30,random_continuous,reconstructed,diffusion_no_weather_11,3580,0.431056410074234,4.384666681289673e-06,0.036807529628276825,3580,completed,,3
Power_30,random_continuous,reconstructed,proposed_weather_diffusion_11,3580,0.42535004019737244,5.811220034956932e-06,0.036909304559230804,3580,completed,,3
Power_45,random_point,complete,none,3580,0.6552810668945312,3.7401914596557617e-06,0.04828368499875069,3580,completed,0.05,
Power_45,random_point,masked,none,3580,0.6552810668945312,1.925111519085476e-06,0.051017288118600845,3580,completed,0.05,
Power_45,random_point,reconstructed,linear_interpolation,3580,0.6552945375442505,1.5169382095336914e-05,0.049021799117326736,3580,completed,0.05,
Power_45,random_point,reconstructed,gan_imputer_11,3580,0.6554149389266968,2.3720785975456238e-06,0.04828202724456787,3580,completed,0.05,
Power_45,random_point,reconstructed,diffusion_no_weather_11,3580,0.6552224159240723,4.708766937255859e-06,0.04832275211811066,3580,completed,0.05,
Power_45,random_point,reconstructed,proposed_weather_diffusion_11,3580,0.6554305553436279,7.613728939759312e-06,0.04835887625813484,3580,completed,0.05,
Power_45,random_continuous,complete,none,3580,0.6552810668945312,3.7401914596557617e-06,0.04828368499875069,3580,completed,,1
Power_45,random_continuous,masked,none,3580,0.6594802141189575,2.5644898414611816e-05,0.051122523844242096,3580,completed,,1
Power_45,random_continuous,reconstructed,linear_interpolation,3580,0.6565543413162231,1.9073486328125e-06,0.04876379668712616,3580,completed,,1
Power_45,random_continuous,reconstructed,gan_imputer_11,3580,0.6556323170661926,6.183981895446777e-06,0.04824252799153328,3580,completed,,1
Power_45,random_continuous,reconstructed,diffusion_no_weather_11,3580,0.6568862199783325,1.1831521987915039e-05,0.04830271005630493,3580,completed,,1
Power_45,random_continuous,reconstructed,proposed_weather_diffusion_11,3580,0.6562615036964417,1.9371509552001953e-06,0.04838033393025398,3580,completed,,1
Power_45,random_continuous,complete,none,3580,0.6552810668945312,3.7401914596557617e-06,0.04828368499875069,3580,completed,,2
Power_45,random_continuous,masked,none,3580,0.6552727222442627,7.789582014083862e-06,0.05353938788175583,3580,completed,,2
Power_45,random_continuous,reconstructed,linear_interpolation,3580,0.6539193391799927,2.8893351554870605e-05,0.04914811626076698,3580,completed,,2
Power_45,random_continuous,reconstructed,gan_imputer_11,3580,0.6552473902702332,1.0007111086451914e-05,0.048322126269340515,3580,completed,,2
Power_45,random_continuous,reconstructed,diffusion_no_weather_11,3580,0.6553095579147339,0.00011139631533296779,0.04831923171877861,3580,completed,,2
Power_45,random_continuous,reconstructed,proposed_weather_diffusion_11,3580,0.6554379463195801,4.296191036701202e-06,0.048325829207897186,3580,completed,,2
Power_45,random_continuous,complete,none,3580,0.6552810668945312,3.7401914596557617e-06,0.04828368499875069,3580,completed,,3
Power_45,random_continuous,masked,none,3580,0.65618896484375,1.8829479813575745e-05,0.05595870316028595,3580,completed,,3
Power_45,random_continuous,reconstructed,linear_interpolation,3580,0.6500718593597412,8.814036846160889e-06,0.04986302927136421,3580,completed,,3
Power_45,random_continuous,reconstructed,gan_imputer_11,3580,0.6542145013809204,6.735324859619141e-06,0.04837857186794281,3580,completed,,3
Power_45,random_continuous,reconstructed,diffusion_no_weather_11,3580,0.6540751457214355,1.0132789611816406e-05,0.04846616089344025,3580,completed,,3
Power_45,random_continuous,reconstructed,proposed_weather_diffusion_11,3580,0.6538492441177368,2.9206275939941406e-06,0.048631321638822556,3580,completed,,3
