method_id,target_field,mask_type,weather_regime,train_seed,n_windows,n_missing_points,abs_error_max,abs_error_min,MAE,missing_rate,missing_length
gan_imputer,Power_0,random_point,low_wind,11,1125,1125,0.37488484382629395,1.970751145563554e-05,0.024833968184322455,0.05,
gan_imputer,Power_0,random_point,medium_wind,11,2319,2319,0.6038625612854958,1.161918044090271e-05,0.04331675728292971,0.05,
gan_imputer,Power_0,random_point,high_wind,11,136,136,0.5105087161064148,0.001006007194519043,0.06533311620039646,0.05,
gan_imputer,Power_15,random_point,low_wind,11,1123,1123,0.22461754083633423,7.6177529990673065e-06,0.01652234763169481,0.05,
gan_imputer,Power_15,random_point,medium_wind,11,2309,2309,0.5184600129723549,1.1622905731201172e-05,0.0338337819605156,0.05,
gan_imputer,Power_15,random_point,high_wind,11,148,148,0.5263369083404541,0.0012726456625387073,0.07285847778060801,0.05,
gan_imputer,Power_30,random_point,low_wind,11,1121,1121,0.3032478988170624,8.348456503881607e-06,0.016898432090736843,0.05,
gan_imputer,Power_30,random_point,medium_wind,11,2320,2320,0.5556136667728424,4.0978193283081055e-06,0.03335496395768744,0.05,
gan_imputer,Power_30,random_point,high_wind,11,139,139,0.43428558111190796,0.0012376904487609863,0.058182939588889586,0.05,
gan_imputer,Power_45,random_point,low_wind,11,1128,1128,0.468802273273468,2.326609865122009e-05,0.02411062902388362,0.05,
gan_imputer,Power_45,random_point,medium_wind,11,2301,2301,0.617575153708458,1.2695789337158203e-05,0.04741028577186177,0.05,
gan_imputer,Power_45,random_point,high_wind,11,151,151,0.4106728658080101,0.0019051134586334229,0.06640217707967323,0.05,
gan_imputer,Power_0,random_continuous,low_wind,11,1128,1128,0.37488484382629395,8.32784062367864e-05,0.02548288327635412,,1
gan_imputer,Power_0,random_continuous,medium_wind,11,2305,2305,0.6038625612854958,3.216788172721863e-06,0.043044235798168504,,1
gan_imputer,Power_0,random_continuous,high_wind,11,147,147,0.5105087161064148,7.164478302001953e-05,0.06021044835714357,,1
gan_imputer,Power_15,random_continuous,low_wind,11,1157,1157,0.22811836004257202,7.6177529990673065e-06,0.01671636734748565,,1
gan_imputer,Power_15,random_continuous,medium_wind,11,2292,2292,0.514967292547226,8.91423951543402e-06,0.03231639529232294,,1
gan_imputer,Power_15,random_continuous,high_wind,11,131,131,0.5263369083404541,0.0012726456625387073,0.07690933056865314,,1
gan_imputer,Power_30,random_continuous,low_wind,11,1119,1119,0.34914523363113403,8.348456503881607e-06,0.016805350271023728,,1
gan_imputer,Power_30,random_continuous,medium_wind,11,2324,2324,0.36688360571861267,1.0240457413601689e-05,0.033762421536573446,,1
gan_imputer,Power_30,random_continuous,high_wind,11,137,137,0.4818984270095825,0.00029140710830688477,0.06436013269584871,,1
gan_imputer,Power_45,random_continuous,low_wind,11,1130,1130,0.4030354446731508,3.224995089112781e-05,0.02464277988124356,,1
gan_imputer,Power_45,random_continuous,medium_wind,11,2314,2314,0.5607216060161591,2.9087066650390625e-05,0.047166213598092144,,1
gan_imputer,Power_45,random_continuous,high_wind,11,136,136,0.5180256962776184,0.0010906755924224854,0.08041033429531928,,1
gan_imputer,Power_0,random_continuous,low_wind,11,1200,2262,0.37418344616889954,3.1614210456609726e-05,0.026520450468688405,,2
gan_imputer,Power_0,random_continuous,medium_wind,11,2380,4615,0.5622907280921936,3.216788172721863e-06,0.043466127538382686,,2
gan_imputer,Power_0,random_continuous,high_wind,11,149,283,0.6196414232254028,7.164478302001953e-05,0.0723145004269723,,2
gan_imputer,Power_15,random_continuous,low_wind,11,1216,2276,0.29733632504940033,7.851841473893728e-06,0.018758585063025558,,2
gan_imputer,Power_15,random_continuous,medium_wind,11,2389,4618,0.5388574600219727,8.91423951543402e-06,0.033859872295386007,,2
gan_imputer,Power_15,random_continuous,high_wind,11,143,266,0.5569168925285339,0.0008141811704263091,0.07726612252435346,,2
gan_imputer,Power_30,random_continuous,low_wind,11,1206,2274,0.37564675509929657,2.905726432800293e-06,0.01852875381073782,,2
gan_imputer,Power_30,random_continuous,medium_wind,11,2373,4604,0.49948936700820923,1.0216807822871488e-05,0.035598118974519116,,2
gan_imputer,Power_30,random_continuous,high_wind,11,151,282,0.4670501947402954,0.00014504790306091309,0.0686579463129916,,2
gan_imputer,Power_45,random_continuous,low_wind,11,1204,2265,0.47808602452278137,1.5691392036387697e-05,0.026198785541325095,,2
gan_imputer,Power_45,random_continuous,medium_wind,11,2382,4615,0.5058624148368835,1.6606254575890489e-06,0.047826592715094984,,2
gan_imputer,Power_45,random_continuous,high_wind,11,146,280,0.5148429684340954,0.0010906755924224854,0.0749705178322204,,2
gan_imputer,Power_0,random_continuous,low_wind,11,1301,3487,0.37488484382629395,8.247792720794678e-06,0.026877441257198115,,3
gan_imputer,Power_0,random_continuous,medium_wind,11,2431,6840,0.6300928443670273,3.216788172721863e-06,0.048974561260245124,,3
gan_imputer,Power_0,random_continuous,high_wind,11,152,413,0.5679922699928284,7.164478302001953e-05,0.06718052519129061,,3
gan_imputer,Power_15,random_continuous,low_wind,11,1250,3387,0.29295725747942924,7.6177529990673065e-06,0.019708105395562794,,3
gan_imputer,Power_15,random_continuous,medium_wind,11,2430,6917,0.5485586076974869,5.081295967102051e-06,0.03937550445430201,,3
gan_imputer,Power_15,random_continuous,high_wind,11,161,436,0.5076644420623779,0.0008141811704263091,0.07389687424645237,,3
gan_imputer,Power_30,random_continuous,low_wind,11,1259,3376,0.387482613325119,1.4220364391803741e-05,0.02023466215034557,,3
gan_imputer,Power_30,random_continuous,medium_wind,11,2456,6945,0.6216428279876709,1.0216807822871488e-05,0.04046856687701293,,3
gan_imputer,Power_30,random_continuous,high_wind,11,151,419,0.4818984270095825,0.00010436773300170898,0.06441000780715275,,3
gan_imputer,Power_45,random_continuous,low_wind,11,1275,3448,0.47808602452278137,1.2237578630447388e-05,0.0272316336304341,,3
gan_imputer,Power_45,random_continuous,medium_wind,11,2426,6881,0.6398710608482361,3.9674341678619385e-07,0.05115385415822395,,3
gan_imputer,Power_45,random_continuous,high_wind,11,151,411,0.5693593621253967,0.00016289949417114258,0.08380943167968279,,3
gan_imputer,Power_0,random_point,low_wind,22,1142,1142,0.3915920555591583,4.8473477363586426e-05,0.02646277332435693,0.05,
gan_imputer,Power_0,random_point,medium_wind,22,2297,2297,0.6140847727656364,4.649663605960086e-05,0.04400954329923236,0.05,
gan_imputer,Power_0,random_point,high_wind,22,141,141,0.5363828539848328,0.0001970560842892155,0.066424921092124,0.05,
gan_imputer,Power_15,random_point,low_wind,22,1123,1123,0.27536413073539734,3.471970558166504e-06,0.0155917640382048,0.05,
gan_imputer,Power_15,random_point,medium_wind,22,2314,2314,0.5054455175995827,2.5227665901184082e-05,0.03362249157683105,0.05,
gan_imputer,Power_15,random_point,high_wind,22,143,143,0.3773963451385498,3.9011240005493164e-05,0.07146810219945529,0.05,
gan_imputer,Power_30,random_point,low_wind,22,1130,1130,0.25236576795578003,3.432855010032654e-06,0.0176019609628134,0.05,
gan_imputer,Power_30,random_point,medium_wind,22,2307,2307,0.5091646192595363,1.1026859283447266e-06,0.03408539072769216,0.05,
gan_imputer,Power_30,random_point,high_wind,22,143,143,0.43309254944324493,0.00011014938354492188,0.06560130095617338,0.05,
gan_imputer,Power_45,random_point,low_wind,22,1119,1119,0.48885399103164673,1.795036382645776e-06,0.023308005540436057,0.05,
gan_imputer,Power_45,random_point,medium_wind,22,2319,2319,0.540668785572052,1.9723720470210537e-05,0.047551543416582825,0.05,
gan_imputer,Power_45,random_point,high_wind,22,142,142,0.49682387709617615,0.0009065844351425767,0.0724462708507494,0.05,
gan_imputer,Power_0,random_continuous,low_wind,22,1153,1153,0.3915920555591583,2.944469451904297e-05,0.02740770348041654,,1
gan_imputer,Power_0,random_continuous,medium_wind,22,2284,2284,0.6140847727656364,3.215455990357441e-06,0.043222398354523406,,1
gan_imputer,Power_0,random_continuous,high_wind,22,143,143,0.4678620994091034,0.0001970560842892155,0.05908607761650363,,1
gan_imputer,Power_15,random_continuous,low_wind,22,1151,1151,0.2728235125541687,3.471970558166504e-06,0.01688545770621417,,1
gan_imputer,Power_15,random_continuous,medium_wind,22,2285,2285,0.5054455175995827,1.5871230061748065e-05,0.0324280914466364,,1
gan_imputer,Power_15,random_continuous,high_wind,22,144,144,0.3412874937057495,3.9011240005493164e-05,0.07385444982194006,,1
gan_imputer,Power_30,random_continuous,low_wind,22,1129,1129,0.42968249693512917,1.1753290891647339e-05,0.0177953247199608,,1
gan_imputer,Power_30,random_continuous,medium_wind,22,2317,2317,0.3831526041030884,7.119029760360718e-06,0.0348339375567095,,1
gan_imputer,Power_30,random_continuous,high_wind,22,134,134,0.3521547019481659,0.00011014938354492188,0.04974192219313735,,1
gan_imputer,Power_45,random_continuous,low_wind,22,1134,1134,0.5657528359442949,4.459841511561535e-05,0.025448018643371064,,1
gan_imputer,Power_45,random_continuous,medium_wind,22,2301,2301,0.44597527384757996,1.9723720470210537e-05,0.04698468891364705,,1
gan_imputer,Power_45,random_continuous,high_wind,22,145,145,0.4105263277888298,0.0005578398704528809,0.05938355654622589,,1
gan_imputer,Power_0,random_continuous,low_wind,22,1219,2295,0.39338189363479614,5.764989055023761e-07,0.025934796025512102,,2
gan_imputer,Power_0,random_continuous,medium_wind,22,2361,4573,0.6140847727656364,3.215455990357441e-06,0.04333110682224027,,2
gan_imputer,Power_0,random_continuous,high_wind,22,156,292,0.5751038789749146,0.0001970560842892155,0.06714272765633698,,2
gan_imputer,Power_15,random_continuous,low_wind,22,1226,2296,0.2728235125541687,5.366280674934387e-06,0.018279113431097876,,2
gan_imputer,Power_15,random_continuous,medium_wind,22,2372,4582,0.5738202705979347,4.683062434196472e-05,0.03565638090327095,,2
gan_imputer,Power_15,random_continuous,high_wind,22,147,282,0.6154271960258484,3.9011240005493164e-05,0.07436789395840812,,2
gan_imputer,Power_30,random_continuous,low_wind,22,1205,2267,0.3089533746242523,1.0473016118339729e-05,0.018747777372842098,,2
gan_imputer,Power_30,random_continuous,medium_wind,22,2375,4606,0.5385034680366516,1.221917614202539e-06,0.035552691341851614,,2
gan_imputer,Power_30,random_continuous,high_wind,22,155,287,0.4114539623260498,0.00011014938354492188,0.062025486798275534,,2
gan_imputer,Power_45,random_continuous,low_wind,22,1210,2278,0.6362617760896683,1.795036382645776e-06,0.02491296241101301,,2
gan_imputer,Power_45,random_continuous,medium_wind,22,2378,4605,0.6447293758392334,1.9723720470210537e-05,0.05157429426509619,,2
gan_imputer,Power_45,random_continuous,high_wind,22,145,277,0.5108190588653088,0.0005578398704528809,0.07855547889260178,,2
gan_imputer,Power_0,random_continuous,low_wind,22,1277,3431,0.3915920555591583,3.2335519790649414e-06,0.02953710061095546,,3
gan_imputer,Power_0,random_continuous,medium_wind,22,2426,6882,0.6140847727656364,9.406358003616333e-08,0.04845260131982713,,3
gan_imputer,Power_0,random_continuous,high_wind,22,161,427,0.4913175702095032,0.0005499038961715996,0.06281508107501163,,3
gan_imputer,Power_15,random_continuous,low_wind,22,1240,3365,0.4940441846847534,3.471970558166504e-06,0.020374307208808683,,3
gan_imputer,Power_15,random_continuous,medium_wind,22,2450,6959,0.5760739594697952,1.5871230061748065e-05,0.039783125389197455,,3
gan_imputer,Power_15,random_continuous,high_wind,22,157,416,0.31553149223327637,3.9011240005493164e-05,0.06572190011949995,,3
gan_imputer,Power_30,random_continuous,low_wind,22,1280,3465,0.5265507847070694,3.432855010032654e-06,0.020952191465283612,,3
gan_imputer,Power_30,random_continuous,medium_wind,22,2417,6863,0.6675823926925659,2.179667353630066e-05,0.0410129398665907,,3
gan_imputer,Power_30,random_continuous,high_wind,22,151,412,0.43309254944324493,0.00013363361358642578,0.06323215385980326,,3
gan_imputer,Power_45,random_continuous,low_wind,22,1275,3474,0.49235519766807556,1.795036382645776e-06,0.027817423557137292,,3
gan_imputer,Power_45,random_continuous,medium_wind,22,2409,6847,0.7444590777158737,1.8708407878875732e-05,0.05472890100544489,,3
gan_imputer,Power_45,random_continuous,high_wind,22,156,419,0.5528570413589478,0.0005578398704528809,0.07681230867286001,,3
gan_imputer,Power_0,random_point,low_wind,33,1163,1163,0.3366081118583679,1.064334992406657e-05,0.022409028612987145,0.05,
gan_imputer,Power_0,random_point,medium_wind,33,2272,2272,0.6044645830988884,1.2110918760299683e-05,0.042235593861724915,0.05,
gan_imputer,Power_0,random_point,high_wind,33,145,145,0.49011214077472687,0.0006041824817657471,0.07199891462504607,0.05,
gan_imputer,Power_15,random_point,low_wind,33,1131,1131,0.22310322523117065,1.5321944374591112e-05,0.015213843541904632,0.05,
gan_imputer,Power_15,random_point,medium_wind,33,2309,2309,0.5081679597496986,1.0747731948868022e-06,0.032258899047369095,0.05,
gan_imputer,Power_15,random_point,high_wind,33,140,140,0.28778424859046936,0.0012710531009361148,0.0680661870050244,0.05,
gan_imputer,Power_30,random_point,low_wind,33,1149,1149,0.29276424646377563,3.738701343536377e-05,0.017546430854815526,0.05,
gan_imputer,Power_30,random_point,medium_wind,33,2293,2293,0.3671762943267822,2.4110078811645508e-05,0.03328229649360276,0.05,
gan_imputer,Power_30,random_point,high_wind,33,138,138,0.41001518070697784,0.0003293827176094055,0.053388434819931135,0.05,
gan_imputer,Power_45,random_point,low_wind,33,1141,1141,0.38760383427143097,2.978719749080483e-06,0.022465954785759485,0.05,
gan_imputer,Power_45,random_point,medium_wind,33,2296,2296,0.5598717927932739,4.551327583612874e-05,0.041994562775193346,0.05,
gan_imputer,Power_45,random_point,high_wind,33,143,143,0.411810539662838,0.0008554458618164062,0.06487459024101809,0.05,
gan_imputer,Power_0,random_continuous,low_wind,33,1136,1136,0.3968788683414459,1.1415820289073508e-08,0.023690711454308348,,1
gan_imputer,Power_0,random_continuous,medium_wind,33,2300,2300,0.6044645830988884,1.6056932508945465e-05,0.04212099471120936,,1
gan_imputer,Power_0,random_continuous,high_wind,33,144,144,0.26517365872859955,0.0006041824817657471,0.06063214700164584,,1
gan_imputer,Power_15,random_continuous,low_wind,33,1155,1155,0.23821786395274103,1.5321944374591112e-05,0.015875018087542162,,1
gan_imputer,Power_15,random_continuous,medium_wind,33,2288,2288,0.42309348098933697,1.0747731948868022e-06,0.034145547038270226,,1
gan_imputer,Power_15,random_continuous,high_wind,33,137,137,0.29814785718917847,4.488229751586914e-05,0.06535256906908794,,1
gan_imputer,Power_30,random_continuous,low_wind,33,1146,1146,0.29276424646377563,2.4266541004180908e-05,0.016814622777502713,,1
gan_imputer,Power_30,random_continuous,medium_wind,33,2281,2281,0.4762665629386902,3.814697265625e-06,0.03450693708505243,,1
gan_imputer,Power_30,random_continuous,high_wind,33,153,153,0.4569609463214874,0.0008985996246337891,0.05975830188063673,,1
gan_imputer,Power_45,random_continuous,low_wind,33,1142,1142,0.38760383427143097,3.503262996673584e-05,0.023207805449236684,,1
gan_imputer,Power_45,random_continuous,medium_wind,33,2295,2295,0.5598717927932739,5.3763389587402344e-05,0.042855990912797105,,1
gan_imputer,Power_45,random_continuous,high_wind,33,143,143,0.5051789283752441,0.000604857865255326,0.07091520754604151,,1
gan_imputer,Power_0,random_continuous,low_wind,33,1207,2268,0.41859984397888184,1.1415820289073508e-08,0.025619696052250618,,2
gan_imputer,Power_0,random_continuous,medium_wind,33,2381,4604,0.6044645830988884,2.366880153203965e-06,0.04412443293123771,,2
gan_imputer,Power_0,random_continuous,high_wind,33,151,288,0.4830694794654846,0.0006041824817657471,0.07241513245511062,,2
gan_imputer,Power_15,random_continuous,low_wind,33,1215,2272,0.3304407596588135,1.5321944374591112e-05,0.017968069679991268,,2
gan_imputer,Power_15,random_continuous,medium_wind,33,2374,4584,0.44008302688598633,1.0747731948868022e-06,0.03472024386669977,,2
gan_imputer,Power_15,random_continuous,high_wind,33,162,304,0.38118475675582886,4.488229751586914e-05,0.06553006548232301,,2
gan_imputer,Power_30,random_continuous,low_wind,33,1186,2250,0.29276424646377563,2.4266541004180908e-05,0.019430400184721495,,2
gan_imputer,Power_30,random_continuous,medium_wind,33,2374,4620,0.546922504901886,3.814697265625e-06,0.037057291293596195,,2
gan_imputer,Power_30,random_continuous,high_wind,33,152,290,0.49671950936317444,0.0003293827176094055,0.0620032755939033,,2
gan_imputer,Power_45,random_continuous,low_wind,33,1219,2297,0.4528637230396271,2.978719749080483e-06,0.026001357564842977,,2
gan_imputer,Power_45,random_continuous,medium_wind,33,2361,4578,0.6038710474967957,8.489568244840484e-06,0.044962108187210206,,2
gan_imputer,Power_45,random_continuous,high_wind,33,151,285,0.5203855447471142,0.0005181729793548584,0.07077299917643694,,2
gan_imputer,Power_0,random_continuous,low_wind,33,1255,3373,0.41859984397888184,2.8461217880249023e-06,0.027351631014659893,,3
gan_imputer,Power_0,random_continuous,medium_wind,33,2446,6937,0.6051097579766065,2.366880153203965e-06,0.046420855554589364,,3
gan_imputer,Power_0,random_continuous,high_wind,33,163,430,0.6666142344474792,0.00047710537910461426,0.08797019796288941,,3
gan_imputer,Power_15,random_continuous,low_wind,33,1256,3358,0.3304407596588135,4.211511622997932e-06,0.020039011594673715,,3
gan_imputer,Power_15,random_continuous,medium_wind,33,2459,6962,0.6141310222446918,1.0747731948868022e-06,0.037423961878129595,,3
gan_imputer,Power_15,random_continuous,high_wind,33,157,420,0.8357871174812317,4.488229751586914e-05,0.08965714958501936,,3
gan_imputer,Power_30,random_continuous,low_wind,33,1277,3464,0.5569873750209808,3.738701343536377e-05,0.021407275217634757,,3
gan_imputer,Power_30,random_continuous,medium_wind,33,2414,6852,0.5635485053062439,3.814697265625e-06,0.04072293110893145,,3
gan_imputer,Power_30,random_continuous,high_wind,33,154,424,0.5369706749916077,0.0001399517059326172,0.08302419127454105,,3
gan_imputer,Power_45,random_continuous,low_wind,33,1254,3419,0.5267702341079712,2.978719749080483e-06,0.02574236908821154,,3
gan_imputer,Power_45,random_continuous,medium_wind,33,2416,6914,0.6544920802116394,2.3245811462402344e-06,0.050690966615764145,,3
gan_imputer,Power_45,random_continuous,high_wind,33,154,407,0.5555285811424255,3.6039473343407735e-05,0.08625742172727358,,3
diffusion_no_weather,Power_0,random_point,low_wind,11,1125,1125,0.4154796898365021,3.814697265625e-06,0.028398255046223415,0.05,
diffusion_no_weather,Power_0,random_point,medium_wind,11,2319,2319,0.5904670357704163,2.029910683631897e-05,0.04463398962907345,0.05,
diffusion_no_weather,Power_0,random_point,high_wind,11,136,136,0.4793570935726166,0.0002275705337524414,0.06496352636895608,0.05,
diffusion_no_weather,Power_15,random_point,low_wind,11,1123,1123,0.2569456994533539,1.699104905128479e-05,0.019132108068975997,0.05,
diffusion_no_weather,Power_15,random_point,medium_wind,11,2309,2309,0.47700832039117813,8.374452590942383e-06,0.03750644503007568,0.05,
diffusion_no_weather,Power_15,random_point,high_wind,11,148,148,0.2904907986521721,8.872857870301232e-05,0.0556720923413613,0.05,
diffusion_no_weather,Power_30,random_point,low_wind,11,1121,1121,0.3183766305446625,3.1050294637680054e-06,0.021426533147483166,0.05,
diffusion_no_weather,Power_30,random_point,medium_wind,11,2320,2320,0.6584561131894588,1.2498348951339722e-05,0.04098351258704646,0.05,
diffusion_no_weather,Power_30,random_point,high_wind,11,139,139,0.42592181265354156,0.0001542419195175171,0.06258221756015309,0.05,
diffusion_no_weather,Power_45,random_point,low_wind,11,1128,1128,0.48975542187690735,2.6520361643633805e-05,0.026577145261868242,0.05,
diffusion_no_weather,Power_45,random_point,medium_wind,11,2301,2301,0.7067223154008389,1.1146068572998047e-05,0.046062704082669485,0.05,
diffusion_no_weather,Power_45,random_point,high_wind,11,151,151,0.4152153953909874,0.0004172407789155841,0.05577992901802741,0.05,
diffusion_no_weather,Power_0,random_continuous,low_wind,11,1128,1128,0.3707167059183121,5.8107078075408936e-05,0.028396187569335696,,1
diffusion_no_weather,Power_0,random_continuous,medium_wind,11,2305,2305,0.5903400704264641,3.330409526824951e-06,0.04523065097501803,,1
diffusion_no_weather,Power_0,random_continuous,high_wind,11,147,147,0.41295401006937027,0.0005353805609047413,0.05562710689878104,,1
diffusion_no_weather,Power_15,random_continuous,low_wind,11,1157,1157,0.22883006930351257,5.794398475700291e-06,0.019885374687853945,,1
diffusion_no_weather,Power_15,random_continuous,medium_wind,11,2292,2292,0.4550726246088743,4.7206878662109375e-05,0.03597317289225241,,1
diffusion_no_weather,Power_15,random_continuous,high_wind,11,131,131,0.2553577721118927,0.00043272972106933594,0.054359073814658716,,1
diffusion_no_weather,Power_30,random_continuous,low_wind,11,1119,1119,0.37567251920700073,1.58604234457016e-05,0.021572389226206922,,1
diffusion_no_weather,Power_30,random_continuous,medium_wind,11,2324,2324,0.4053242951631546,9.468876100982015e-07,0.040759451312573254,,1
diffusion_no_weather,Power_30,random_continuous,high_wind,11,137,137,0.43195609748363495,1.9842169422190636e-05,0.07043804673897144,,1
diffusion_no_weather,Power_45,random_continuous,low_wind,11,1130,1130,0.4009729325771332,2.1504665710381232e-06,0.026965376709823487,,1
diffusion_no_weather,Power_45,random_continuous,medium_wind,11,2314,2314,0.6169229447841644,9.432435035705566e-06,0.04622103668550665,,1
diffusion_no_weather,Power_45,random_continuous,high_wind,11,136,136,0.40359433740377426,8.553266525268555e-05,0.06124868571736014,,1
diffusion_no_weather,Power_0,random_continuous,low_wind,11,1200,2262,0.3608487844467163,4.876032471656799e-05,0.02788147742124549,,2
diffusion_no_weather,Power_0,random_continuous,medium_wind,11,2380,4615,0.5817976295948029,1.3172626495361328e-05,0.04440882325061023,,2
diffusion_no_weather,Power_0,random_continuous,high_wind,11,149,283,0.46686889231204987,0.00023340499319601804,0.06086454146802664,,2
diffusion_no_weather,Power_15,random_continuous,low_wind,11,1216,2276,0.30895231664180756,1.3771185649602558e-06,0.020520160191132363,,2
diffusion_no_weather,Power_15,random_continuous,medium_wind,11,2389,4618,0.5631214380264282,1.8708407878875732e-05,0.03610849509472669,,2
diffusion_no_weather,Power_15,random_continuous,high_wind,11,143,266,0.3202904537320137,2.964793202409055e-05,0.05603214334166836,,2
diffusion_no_weather,Power_30,random_continuous,low_wind,11,1206,2274,0.36361829936504364,2.7857720851898193e-05,0.02243362454397667,,2
diffusion_no_weather,Power_30,random_continuous,medium_wind,11,2373,4604,0.4346213787794113,9.834766387939453e-07,0.043387530650070213,,2
diffusion_no_weather,Power_30,random_continuous,high_wind,11,151,282,0.41789020597934723,1.3394532288657501e-05,0.07180467131925618,,2
diffusion_no_weather,Power_45,random_continuous,low_wind,11,1204,2265,0.47757425904273987,1.6837137764014187e-06,0.0279345796032209,,2
diffusion_no_weather,Power_45,random_continuous,medium_wind,11,2382,4615,0.5147690773010254,2.2351741790771484e-06,0.04689887137161844,,2
diffusion_no_weather,Power_45,random_continuous,high_wind,11,146,280,0.530599694699049,1.919269561767578e-05,0.06042493607164943,,2
diffusion_no_weather,Power_0,random_continuous,low_wind,11,1301,3487,0.3284996747970581,1.1480510693218093e-06,0.030078460830819283,,3
diffusion_no_weather,Power_0,random_continuous,medium_wind,11,2431,6840,0.7710367050021887,2.5331974029541016e-06,0.04942883881752292,,3
diffusion_no_weather,Power_0,random_continuous,high_wind,11,152,413,0.4614478647708893,0.0003485062625259161,0.062192099296728025,,3
diffusion_no_weather,Power_15,random_continuous,low_wind,11,1250,3387,0.38429033756256104,1.9259750843048096e-06,0.022298716879803893,,3
diffusion_no_weather,Power_15,random_continuous,medium_wind,11,2430,6917,0.5476471036672592,3.8743019104003906e-07,0.041051202050985,,3
diffusion_no_weather,Power_15,random_continuous,high_wind,11,161,436,0.4013209603726864,1.6944099115789868e-05,0.05743260951319809,,3
diffusion_no_weather,Power_30,random_continuous,low_wind,11,1259,3376,0.4825623631477356,2.5597400963306427e-06,0.024391210979216087,,3
diffusion_no_weather,Power_30,random_continuous,medium_wind,11,2456,6945,0.5543214678764343,4.813075065612793e-06,0.04658925908085213,,3
diffusion_no_weather,Power_30,random_continuous,high_wind,11,151,419,0.3452911525964737,0.00017206768097821623,0.06580640875234553,,3
diffusion_no_weather,Power_45,random_continuous,low_wind,11,1275,3448,0.5230822861194611,2.9266897794144597e-09,0.030253900744087094,,3
diffusion_no_weather,Power_45,random_continuous,medium_wind,11,2426,6881,0.5717285424470901,4.5443362068908755e-06,0.05052470198034143,,3
diffusion_no_weather,Power_45,random_continuous,high_wind,11,151,411,0.4376821033656597,7.727742195129395e-05,0.0645841601625808,,3
diffusion_no_weather,Power_0,random_point,low_wind,22,1142,1142,0.38543808460235596,1.0367017239332199e-05,0.030103106026580735,0.05,
diffusion_no_weather,Power_0,random_point,medium_wind,22,2297,2297,0.6028913855552673,6.508827209472656e-05,0.04631323121070999,0.05,
diffusion_no_weather,Power_0,random_point,high_wind,22,141,141,0.30790016055107117,0.0016009807586669922,0.058757829337863,0.05,
diffusion_no_weather,Power_15,random_point,low_wind,22,1123,1123,0.25475746393203735,1.0952353477478027e-05,0.015646993204578054,0.05,
diffusion_no_weather,Power_15,random_point,medium_wind,22,2314,2314,0.4998466596007347,1.663680450292304e-05,0.03373823956889256,0.05,
diffusion_no_weather,Power_15,random_point,high_wind,22,143,143,0.2654895484447479,0.00014078617095947266,0.04876477127264651,0.05,
diffusion_no_weather,Power_30,random_point,low_wind,22,1130,1130,0.22635383903980255,5.461275577545166e-06,0.01748759139658577,0.05,
diffusion_no_weather,Power_30,random_point,medium_wind,22,2307,2307,0.35299067478626966,8.23289155960083e-06,0.034811036998251034,0.05,
diffusion_no_weather,Power_30,random_point,high_wind,22,143,143,0.43208326399326324,0.000737894733902067,0.06287989701051591,0.05,
diffusion_no_weather,Power_45,random_point,low_wind,22,1119,1119,0.4600357115268707,9.000301361083984e-06,0.022899638964100452,0.05,
diffusion_no_weather,Power_45,random_point,medium_wind,22,2319,2319,0.5311602652072906,1.6746491837693611e-06,0.042565867940434904,0.05,
diffusion_no_weather,Power_45,random_point,high_wind,22,142,142,0.4102763757109642,0.0003127687086816877,0.05766355335359088,0.05,
diffusion_no_weather,Power_0,random_continuous,low_wind,22,1153,1153,0.4778522849082947,2.0497478544712067e-05,0.0299094735149715,,1
diffusion_no_weather,Power_0,random_continuous,medium_wind,22,2284,2284,0.5817723274230957,1.712888479232788e-05,0.0442055094202096,,1
diffusion_no_weather,Power_0,random_continuous,high_wind,22,143,143,0.2856377512216568,0.0021374523639678955,0.05376258490841601,,1
diffusion_no_weather,Power_15,random_continuous,low_wind,22,1151,1151,0.2895127832889557,1.8521797755965963e-05,0.0181421914205675,,1
diffusion_no_weather,Power_15,random_continuous,medium_wind,22,2285,2285,0.472292996942997,7.502734661102295e-06,0.034069961928072476,,1
diffusion_no_weather,Power_15,random_continuous,high_wind,22,144,144,0.28340964764356613,1.2695789337158203e-05,0.05550474921751124,,1
diffusion_no_weather,Power_30,random_continuous,low_wind,22,1129,1129,0.38585556356702,1.8838225514627993e-05,0.019254257437479744,,1
diffusion_no_weather,Power_30,random_continuous,medium_wind,22,2317,2317,0.44188378006219864,2.078711986541748e-06,0.03746897973868176,,1
diffusion_no_weather,Power_30,random_continuous,high_wind,22,134,134,0.3429303914308548,0.00014453382755164057,0.04983045132546216,,1
diffusion_no_weather,Power_45,random_continuous,low_wind,22,1134,1134,0.5313463695347309,2.4906834369176067e-05,0.023844848014244604,,1
diffusion_no_weather,Power_45,random_continuous,medium_wind,22,2301,2301,0.5320593193173409,1.2089912161172833e-05,0.04264003380874053,,1
diffusion_no_weather,Power_45,random_continuous,high_wind,22,145,145,0.40660562366247177,0.0001252015063073486,0.05808640090640281,,1
diffusion_no_weather,Power_0,random_continuous,low_wind,22,1219,2295,0.36345306038856506,2.7138739824295044e-05,0.028757716142548368,,2
diffusion_no_weather,Power_0,random_continuous,medium_wind,22,2361,4573,0.5626365840435028,3.9050355553627014e-05,0.04463109223854682,,2
diffusion_no_weather,Power_0,random_continuous,high_wind,22,156,292,0.4003748968243599,0.00027376413345336914,0.05879459937409281,,2
diffusion_no_weather,Power_15,random_continuous,low_wind,22,1226,2296,0.34238338470458984,1.341104507446289e-07,0.01854921487363228,,2
diffusion_no_weather,Power_15,random_continuous,medium_wind,22,2372,4582,0.620863176882267,5.21540641784668e-07,0.03485407093386906,,2
diffusion_no_weather,Power_15,random_continuous,high_wind,22,147,282,0.29589851945638657,0.0002756343747023493,0.05231305613425636,,2
diffusion_no_weather,Power_30,random_continuous,low_wind,22,1205,2267,0.3660406842827797,1.3238750398159027e-05,0.019886490756890095,,2
diffusion_no_weather,Power_30,random_continuous,medium_wind,22,2375,4606,0.41669872403144836,5.245208740234375e-06,0.03634203196433097,,2
diffusion_no_weather,Power_30,random_continuous,high_wind,22,155,287,0.3291829526424408,2.022993066930212e-05,0.04946349241965962,,2
diffusion_no_weather,Power_45,random_continuous,low_wind,22,1210,2278,0.5903694927692413,4.283156158635393e-06,0.0245877112717278,,2
diffusion_no_weather,Power_45,random_continuous,medium_wind,22,2378,4605,0.6239396631717682,5.911235803068848e-06,0.04606190910039661,,2
diffusion_no_weather,Power_45,random_continuous,high_wind,22,145,277,0.5070185475051403,3.61050661012996e-05,0.06215139250774561,,2
diffusion_no_weather,Power_0,random_continuous,low_wind,22,1277,3431,0.48104624450206757,5.454193797049811e-06,0.031086992743397077,,3
diffusion_no_weather,Power_0,random_continuous,medium_wind,22,2426,6882,0.6094255149364471,1.7285346984863281e-06,0.04926421259481145,,3
diffusion_no_weather,Power_0,random_continuous,high_wind,22,161,427,0.4768373668193817,0.00011333823204040527,0.06513645634353946,,3
diffusion_no_weather,Power_15,random_continuous,low_wind,22,1240,3365,0.4738861322402954,2.7865171432495117e-06,0.019422648608245757,,3
diffusion_no_weather,Power_15,random_continuous,medium_wind,22,2450,6959,0.7342694252729416,1.648813486099243e-05,0.03818545907756217,,3
diffusion_no_weather,Power_15,random_continuous,high_wind,22,157,416,0.3269590735435486,8.789069397607818e-05,0.05305052325986882,,3
diffusion_no_weather,Power_30,random_continuous,low_wind,22,1280,3465,0.6012563556432724,1.1920928955078125e-07,0.021208337002508876,,3
diffusion_no_weather,Power_30,random_continuous,medium_wind,22,2417,6863,0.7025482803583145,3.896653652191162e-06,0.04184846317739018,,3
diffusion_no_weather,Power_30,random_continuous,high_wind,22,151,412,0.4438183158636093,5.176092599867843e-05,0.05754447005927308,,3
diffusion_no_weather,Power_45,random_continuous,low_wind,22,1275,3474,0.42780229449272156,4.132377398491371e-06,0.02639759282071319,,3
diffusion_no_weather,Power_45,random_continuous,medium_wind,22,2409,6847,0.7506911605596542,2.544296194173512e-06,0.04913828631435922,,3
diffusion_no_weather,Power_45,random_continuous,high_wind,22,156,419,0.5107303075492382,9.979145033867098e-06,0.05630057475309839,,3
diffusion_no_weather,Power_0,random_point,low_wind,33,1163,1163,0.3321034908294678,2.6482457542442717e-05,0.023979887777538178,0.05,
diffusion_no_weather,Power_0,random_point,medium_wind,33,2272,2272,0.5754270553588867,5.6032886277535e-06,0.04702328591726958,0.05,
diffusion_no_weather,Power_0,random_point,high_wind,33,145,145,0.5009250938892365,8.387012712773867e-06,0.06692693872751863,0.05,
diffusion_no_weather,Power_15,random_point,low_wind,33,1131,1131,0.22027219831943512,9.816408237384167e-06,0.019281562635663253,0.05,
diffusion_no_weather,Power_15,random_point,medium_wind,33,2309,2309,0.5208499804139137,1.1682510375976562e-05,0.03474743711974983,0.05,
diffusion_no_weather,Power_15,random_point,high_wind,33,140,140,0.29437603056430817,0.0001278221607208252,0.058800708486108175,0.05,
diffusion_no_weather,Power_30,random_point,low_wind,33,1149,1149,0.32375040650367737,9.812414646148682e-06,0.02046352756230239,0.05,
diffusion_no_weather,Power_30,random_point,medium_wind,33,2293,2293,0.4217950701713562,2.6971101760864258e-05,0.03864341959469952,0.05,
diffusion_no_weather,Power_30,random_point,high_wind,33,138,138,0.40726424753665924,3.3623822673689574e-05,0.057335194739067265,0.05,
diffusion_no_weather,Power_45,random_point,low_wind,33,1141,1141,0.36007387936115265,3.9433867641491815e-05,0.026680887240272202,0.05,
diffusion_no_weather,Power_45,random_point,medium_wind,33,2296,2296,0.5758813321590424,3.129243850708008e-06,0.04957091231274611,0.05,
diffusion_no_weather,Power_45,random_point,high_wind,33,143,143,0.40794187039136887,0.00020732940174639225,0.05907401366125128,0.05,
diffusion_no_weather,Power_0,random_continuous,low_wind,33,1136,1136,0.35082921385765076,0.00011576613178476691,0.02491512830617377,,1
diffusion_no_weather,Power_0,random_continuous,medium_wind,33,2300,2300,0.5769850611686707,2.1105746782268398e-05,0.04517026177286306,,1
diffusion_no_weather,Power_0,random_continuous,high_wind,33,144,144,0.285375140607357,3.840029239654541e-05,0.0543019014279101,,1
diffusion_no_weather,Power_15,random_continuous,low_wind,33,1155,1155,0.21866858354769647,3.844499588012695e-06,0.019089875534398316,,1
diffusion_no_weather,Power_15,random_continuous,medium_wind,33,2288,2288,0.4600676894187927,1.4126300811767578e-05,0.03722725229897844,,1
diffusion_no_weather,Power_15,random_continuous,high_wind,33,137,137,0.2660881206393242,7.949652354000136e-05,0.06117087205480844,,1
diffusion_no_weather,Power_30,random_continuous,low_wind,33,1146,1146,0.28730306029319763,3.3229589462280273e-06,0.01916528324746995,,1
diffusion_no_weather,Power_30,random_continuous,medium_wind,33,2281,2281,0.40253525972366333,2.3037195205688477e-05,0.03798419038521699,,1
diffusion_no_weather,Power_30,random_continuous,high_wind,33,153,153,0.4047785848379135,0.0001650516060180962,0.055352513979682154,,1
diffusion_no_weather,Power_45,random_continuous,low_wind,33,1142,1142,0.3694649338722229,4.147282015765086e-05,0.02671558387872038,,1
diffusion_no_weather,Power_45,random_continuous,medium_wind,33,2295,2295,0.5853370726108551,5.560818863159511e-06,0.04874364686749452,,1
diffusion_no_weather,Power_45,random_continuous,high_wind,33,143,143,0.2276654397137463,3.9172766264528036e-05,0.06619513870164091,,1
diffusion_no_weather,Power_0,random_continuous,low_wind,33,1207,2268,0.48019692301750183,6.256107099034125e-07,0.02815775811974757,,2
diffusion_no_weather,Power_0,random_continuous,medium_wind,33,2381,4604,0.6773121990263462,2.484416836523451e-05,0.04944862699423521,,2
diffusion_no_weather,Power_0,random_continuous,high_wind,33,151,288,0.4785270690917969,1.6729432900319807e-05,0.06717457115978379,,2
diffusion_no_weather,Power_15,random_continuous,low_wind,33,1215,2272,0.3154696822166443,5.6996941566467285e-06,0.021550025830293463,,2
diffusion_no_weather,Power_15,random_continuous,medium_wind,33,2374,4584,0.4385865218937397,1.9371509552001953e-06,0.037391174219786445,,2
diffusion_no_weather,Power_15,random_continuous,high_wind,33,162,304,0.3145804665982723,2.6337802410125732e-05,0.053254947038495676,,2
diffusion_no_weather,Power_30,random_continuous,low_wind,33,1186,2250,0.33896487951278687,3.0249357223510742e-06,0.022592366981948848,,2
diffusion_no_weather,Power_30,random_continuous,medium_wind,33,2374,4620,0.5403904616832733,1.4664605259895325e-05,0.04076016843076407,,2
diffusion_no_weather,Power_30,random_continuous,high_wind,33,152,290,0.40838517248630524,5.0901639042422175e-05,0.05963545954971402,,2
diffusion_no_weather,Power_45,random_continuous,low_wind,33,1219,2297,0.4602786749601364,1.6689300537109375e-06,0.029918406012087177,,2
diffusion_no_weather,Power_45,random_continuous,medium_wind,33,2361,4578,0.5552779585123062,3.2268785616906825e-06,0.050961563206140086,,2
diffusion_no_weather,Power_45,random_continuous,high_wind,33,151,285,0.49821315333247185,0.00017948087770491838,0.08044090264771958,,2
diffusion_no_weather,Power_0,random_continuous,low_wind,33,1255,3373,0.47333335876464844,1.3947486877441406e-05,0.029569451873210136,,3
diffusion_no_weather,Power_0,random_continuous,medium_wind,33,2446,6937,0.6969753571320325,6.420537829399109e-06,0.0515719992629002,,3
diffusion_no_weather,Power_0,random_continuous,high_wind,33,163,430,0.6329895853996277,5.0641363486647606e-05,0.07623234911484043,,3
diffusion_no_weather,Power_15,random_continuous,low_wind,33,1256,3358,0.5052851736545563,3.1851232051849365e-06,0.0239044181528098,,3
diffusion_no_weather,Power_15,random_continuous,medium_wind,33,2459,6962,0.6302302479743958,6.854534149169922e-07,0.040835884215840786,,3
diffusion_no_weather,Power_15,random_continuous,high_wind,33,157,420,0.6531107574701309,1.4752071365364827e-05,0.059811334775185104,,3
diffusion_no_weather,Power_30,random_continuous,low_wind,33,1277,3464,0.41255244612693787,1.048436388373375e-06,0.023914279063548503,,3
diffusion_no_weather,Power_30,random_continuous,medium_wind,33,2414,6852,0.6634199619293213,8.358704690181185e-06,0.04366454296810141,,3
diffusion_no_weather,Power_30,random_continuous,high_wind,33,154,424,0.6560515016317368,7.241964340209961e-06,0.06694469322045957,,3
diffusion_no_weather,Power_45,random_continuous,low_wind,33,1254,3419,0.5135983526706696,8.791685104370117e-06,0.03159299611771943,,3
diffusion_no_weather,Power_45,random_continuous,medium_wind,33,2416,6914,0.6392656564712524,3.1962990760803223e-06,0.05919572723701693,,3
diffusion_no_weather,Power_45,random_continuous,high_wind,33,154,407,0.5404605567455292,3.9120492147048935e-05,0.0837324785762493,,3
proposed_weather_diffusion,Power_0,random_point,low_wind,11,1125,1125,0.48297277092933655,1.3463199138641357e-05,0.03076041181310494,0.05,
proposed_weather_diffusion,Power_0,random_point,medium_wind,11,2319,2319,0.6001644358038902,1.683831214904785e-05,0.05137140653724589,0.05,
proposed_weather_diffusion,Power_0,random_point,high_wind,11,136,136,0.4820067137479782,0.00036346912384033203,0.08710516065441291,0.05,
proposed_weather_diffusion,Power_15,random_point,low_wind,11,1123,1123,0.24244064092636108,2.5424264094908722e-05,0.02065409118796834,0.05,
proposed_weather_diffusion,Power_15,random_point,medium_wind,11,2309,2309,0.5068791285157204,1.6130506992340088e-05,0.038644859066885244,0.05,
proposed_weather_diffusion,Power_15,random_point,high_wind,11,148,148,0.2968648597598076,0.0003148169780615717,0.061979356808060895,0.05,
proposed_weather_diffusion,Power_30,random_point,low_wind,11,1121,1121,0.3087961971759796,5.561858415603638e-06,0.02176559080261079,0.05,
proposed_weather_diffusion,Power_30,random_point,medium_wind,11,2320,2320,0.6460745744407177,5.295500159263611e-06,0.03854422492224922,0.05,
proposed_weather_diffusion,Power_30,random_point,high_wind,11,139,139,0.4391452521085739,0.0007461905479431152,0.07233484963243224,0.05,
proposed_weather_diffusion,Power_45,random_point,low_wind,11,1128,1128,0.39421209692955017,1.5195806554402225e-05,0.02671474911395914,0.05,
proposed_weather_diffusion,Power_45,random_point,medium_wind,11,2301,2301,0.6709519624710083,6.243586540222168e-06,0.04751341127432588,0.05,
proposed_weather_diffusion,Power_45,random_point,high_wind,11,151,151,0.41321220248937607,0.0005120038986206055,0.06620203482992454,0.05,
proposed_weather_diffusion,Power_0,random_continuous,low_wind,11,1128,1128,0.35570941865444183,1.6817024516058154e-05,0.030746438994144892,,1
proposed_weather_diffusion,Power_0,random_continuous,medium_wind,11,2305,2305,0.5769588798284531,8.323788642883301e-05,0.05148990600209957,,1
proposed_weather_diffusion,Power_0,random_continuous,high_wind,11,147,147,0.41904018074274063,0.0011746585369110107,0.07396823440862148,,1
proposed_weather_diffusion,Power_15,random_continuous,low_wind,11,1157,1157,0.24602428078651428,1.3560658771893941e-05,0.020899989386929625,,1
proposed_weather_diffusion,Power_15,random_continuous,medium_wind,11,2292,2292,0.46405068039894104,9.074807167053223e-06,0.03694389524049101,,1
proposed_weather_diffusion,Power_15,random_continuous,high_wind,11,131,131,0.27888309955596924,0.00010204315185546875,0.061916890950475374,,1
proposed_weather_diffusion,Power_30,random_continuous,low_wind,11,1119,1119,0.3969261944293976,4.9248337745666504e-05,0.022363399284278964,,1
proposed_weather_diffusion,Power_30,random_continuous,medium_wind,11,2324,2324,0.4423893243074417,1.8388874423180823e-06,0.03859549842523749,,1
proposed_weather_diffusion,Power_30,random_continuous,high_wind,11,137,137,0.5028608292341232,0.00020806773682124913,0.07429260784529836,,1
proposed_weather_diffusion,Power_45,random_continuous,low_wind,11,1130,1130,0.374203575309366,2.2172927856445312e-05,0.027122207684390488,,1
proposed_weather_diffusion,Power_45,random_continuous,medium_wind,11,2314,2314,0.5447314381599426,1.1037956028303597e-05,0.04838501348691649,,1
proposed_weather_diffusion,Power_45,random_continuous,high_wind,11,136,136,0.4310029670596123,0.0003456324338912964,0.06387247227009057,,1
proposed_weather_diffusion,Power_0,random_continuous,low_wind,11,1200,2262,0.3720928728580475,6.9599877861037385e-06,0.032968498906418314,,2
proposed_weather_diffusion,Power_0,random_continuous,medium_wind,11,2380,4615,0.6070000305771828,8.072221135080326e-06,0.05077324308575651,,2
proposed_weather_diffusion,Power_0,random_continuous,high_wind,11,149,283,0.5402158051729202,0.00019782781600952148,0.08401735302376769,,2
proposed_weather_diffusion,Power_15,random_continuous,low_wind,11,1216,2276,0.3151559829711914,7.771685886837076e-06,0.022168302163610463,,2
proposed_weather_diffusion,Power_15,random_continuous,medium_wind,11,2389,4618,0.4924622029066086,9.03010368347168e-06,0.03922512931362802,,2
proposed_weather_diffusion,Power_15,random_continuous,high_wind,11,143,266,0.2934088706970215,0.00037148594856262207,0.061331133149858365,,2
proposed_weather_diffusion,Power_30,random_continuous,low_wind,11,1206,2274,0.3926362544298172,6.191969077917747e-06,0.024019714281448237,,2
proposed_weather_diffusion,Power_30,random_continuous,medium_wind,11,2373,4604,0.45104265213012695,1.2785196304321289e-05,0.04175711295377959,,2
proposed_weather_diffusion,Power_30,random_continuous,high_wind,11,151,282,0.4423183351755142,6.458163261413574e-05,0.07597033610048948,,2
proposed_weather_diffusion,Power_45,random_continuous,low_wind,11,1204,2265,0.47142457962036133,3.3736228942871094e-05,0.02871360185254282,,2
proposed_weather_diffusion,Power_45,random_continuous,medium_wind,11,2382,4615,0.5387908667325974,2.7216970920562744e-05,0.049615285763399596,,2
proposed_weather_diffusion,Power_45,random_continuous,high_wind,11,146,280,0.5352474264800549,0.0003853440284729004,0.06954401294808901,,2
proposed_weather_diffusion,Power_0,random_continuous,low_wind,11,1301,3487,0.3983095586299896,1.9088387489318848e-05,0.03533736079226691,,3
proposed_weather_diffusion,Power_0,random_continuous,medium_wind,11,2431,6840,0.707179605960846,3.6740675568580627e-06,0.05738237944014629,,3
proposed_weather_diffusion,Power_0,random_continuous,high_wind,11,152,413,0.5413627177476883,5.304813385009766e-06,0.08506683117008743,,3
proposed_weather_diffusion,Power_15,random_continuous,low_wind,11,1250,3387,0.464891254901886,1.944601535797119e-06,0.023381536180462258,,3
proposed_weather_diffusion,Power_15,random_continuous,medium_wind,11,2430,6917,0.5627653300762177,3.039836883544922e-06,0.0438858118277485,,3
proposed_weather_diffusion,Power_15,random_continuous,high_wind,11,161,436,0.3817262351512909,4.0411949157714844e-05,0.06139674557905875,,3
proposed_weather_diffusion,Power_30,random_continuous,low_wind,11,1259,3376,0.4169682264328003,3.1332333492173348e-06,0.025867168200307822,,3
proposed_weather_diffusion,Power_30,random_continuous,medium_wind,11,2456,6945,0.512719064950943,2.726912498474121e-06,0.046932590361003175,,3
proposed_weather_diffusion,Power_30,random_continuous,high_wind,11,151,419,0.4782044291496277,1.5497207641601562e-06,0.08141095751645333,,3
proposed_weather_diffusion,Power_45,random_continuous,low_wind,11,1275,3448,0.46162915229797363,3.4049153327941895e-06,0.030861939798892825,,3
proposed_weather_diffusion,Power_45,random_continuous,medium_wind,11,2426,6881,0.5560076832771301,1.0289251804351807e-05,0.0542148655712214,,3
proposed_weather_diffusion,Power_45,random_continuous,high_wind,11,151,411,0.4955340437591076,0.0001049041748046875,0.07794698720872674,,3
proposed_weather_diffusion,Power_0,random_point,low_wind,22,1142,1142,0.3648342788219452,5.796551704406738e-06,0.030152041053987458,0.05,
proposed_weather_diffusion,Power_0,random_point,medium_wind,22,2297,2297,0.5505355447530746,4.667788743972778e-05,0.048912996480837155,0.05,
proposed_weather_diffusion,Power_0,random_point,high_wind,22,141,141,0.31010836362838745,7.052694127196446e-05,0.07144760981629188,0.05,
proposed_weather_diffusion,Power_15,random_point,low_wind,22,1123,1123,0.26377397775650024,2.2221356630325317e-05,0.02078753241581979,0.05,
proposed_weather_diffusion,Power_15,random_point,medium_wind,22,2314,2314,0.49930379539728165,3.7586600228678435e-05,0.03890107975701606,0.05,
proposed_weather_diffusion,Power_15,random_point,high_wind,22,143,143,0.2848791927099228,8.311867713928223e-05,0.06631679080550436,0.05,
proposed_weather_diffusion,Power_30,random_point,low_wind,22,1130,1130,0.21346041560173035,9.397334906680044e-06,0.021153506389014063,0.05,
proposed_weather_diffusion,Power_30,random_point,medium_wind,22,2307,2307,0.41107754688709974,2.816319465637207e-06,0.03742325107168358,0.05,
proposed_weather_diffusion,Power_30,random_point,high_wind,22,143,143,0.4343053251504898,0.0005767345428466797,0.0703394570537693,0.05,
proposed_weather_diffusion,Power_45,random_point,low_wind,22,1119,1119,0.466428279876709,1.329183578491211e-05,0.027552067996979103,0.05,
proposed_weather_diffusion,Power_45,random_point,medium_wind,22,2319,2319,0.5365163385868073,4.544854164123535e-07,0.04709484951709987,0.05,
proposed_weather_diffusion,Power_45,random_point,high_wind,22,142,142,0.37837638705968857,0.0001869797706604004,0.06962451976428831,0.05,
proposed_weather_diffusion,Power_0,random_continuous,low_wind,22,1153,1153,0.4628417640924454,4.9643407692201436e-05,0.030417735474489078,,1
proposed_weather_diffusion,Power_0,random_continuous,medium_wind,22,2284,2284,0.5667274743318558,9.059906005859375e-06,0.046992808641562474,,1
proposed_weather_diffusion,Power_0,random_continuous,high_wind,22,143,143,0.2516287565231323,0.0005887519218958914,0.059611445066919615,,1
proposed_weather_diffusion,Power_15,random_continuous,low_wind,22,1151,1151,0.2815089076757431,1.3168541954655666e-05,0.023158786025662115,,1
proposed_weather_diffusion,Power_15,random_continuous,medium_wind,22,2285,2285,0.47696129232645035,1.608827915333677e-08,0.03876786338554183,,1
proposed_weather_diffusion,Power_15,random_continuous,high_wind,22,144,144,0.2641054019331932,5.9589845477603376e-05,0.06703117558764563,,1
proposed_weather_diffusion,Power_30,random_continuous,low_wind,22,1129,1129,0.3973506363108754,3.986433148384094e-05,0.020859181924664676,,1
proposed_weather_diffusion,Power_30,random_continuous,medium_wind,22,2317,2317,0.3989156223833561,6.32554292678833e-06,0.03979620862428238,,1
proposed_weather_diffusion,Power_30,random_continuous,high_wind,22,134,134,0.3562716543674469,0.00039108144119381905,0.05392691825513047,,1
proposed_weather_diffusion,Power_45,random_continuous,low_wind,22,1134,1134,0.5837480537593365,6.101652979850769e-05,0.03011918442655495,,1
proposed_weather_diffusion,Power_45,random_continuous,medium_wind,22,2301,2301,0.47450003027915955,1.2706965208053589e-05,0.04789926923243237,,1
proposed_weather_diffusion,Power_45,random_continuous,high_wind,22,145,145,0.4137270674109459,0.003495454788208008,0.06872671819131436,,1
proposed_weather_diffusion,Power_0,random_continuous,low_wind,22,1219,2295,0.34751248359680176,6.409222351067001e-06,0.030263969369658566,,2
proposed_weather_diffusion,Power_0,random_continuous,medium_wind,22,2361,4573,0.5629659295082092,7.152557373046875e-07,0.048483212909843976,,2
proposed_weather_diffusion,Power_0,random_continuous,high_wind,22,156,292,0.3749779835343361,0.0002485513687133789,0.06944145049743533,,2
proposed_weather_diffusion,Power_15,random_continuous,low_wind,22,1226,2296,0.3272898495197296,3.1601568935002433e-06,0.024185945987654757,,2
proposed_weather_diffusion,Power_15,random_continuous,medium_wind,22,2372,4582,0.5795960202813148,6.6086649894714355e-06,0.042057025406875954,,2
proposed_weather_diffusion,Power_15,random_continuous,high_wind,22,147,282,0.3316745162010193,0.0004981905221939087,0.07010856992069711,,2
proposed_weather_diffusion,Power_30,random_continuous,low_wind,22,1205,2267,0.3790096640586853,2.5570392608642578e-05,0.02260135869458907,,2
proposed_weather_diffusion,Power_30,random_continuous,medium_wind,22,2375,4606,0.43471910059452057,4.507601261138916e-07,0.0391036883892306,,2
proposed_weather_diffusion,Power_30,random_continuous,high_wind,22,155,287,0.3696564584970474,0.00023347139358520508,0.060650163890513226,,2
proposed_weather_diffusion,Power_45,random_continuous,low_wind,22,1210,2278,0.6128536760807037,5.190538558963453e-06,0.031153372408432228,,2
proposed_weather_diffusion,Power_45,random_continuous,medium_wind,22,2378,4605,0.6119080781936646,2.678463033589651e-06,0.052893597744505375,,2
proposed_weather_diffusion,Power_45,random_continuous,high_wind,22,145,277,0.46025214716792107,0.0008421929087489843,0.08013097179460167,,2
proposed_weather_diffusion,Power_0,random_continuous,low_wind,22,1277,3431,0.4475420415401459,8.87550413608551e-07,0.03455006772272153,,3
proposed_weather_diffusion,Power_0,random_continuous,medium_wind,22,2426,6882,0.6638153940439224,9.745359420776367e-06,0.05501690842205606,,3
proposed_weather_diffusion,Power_0,random_continuous,high_wind,22,161,427,0.462057501077652,0.0002134367823600769,0.07435297419492098,,3
proposed_weather_diffusion,Power_15,random_continuous,low_wind,22,1240,3365,0.531032145023346,1.1567377441679128e-05,0.026718418596847107,,3
proposed_weather_diffusion,Power_15,random_continuous,medium_wind,22,2450,6959,0.5917012095451355,5.7220458984375e-06,0.046005561789453656,,3
proposed_weather_diffusion,Power_15,random_continuous,high_wind,22,157,416,0.4015023112297058,0.0001366138458251953,0.07019918641806445,,3
proposed_weather_diffusion,Power_30,random_continuous,low_wind,22,1280,3465,0.5317003726959229,1.1909361091966275e-05,0.024260003012056795,,3
proposed_weather_diffusion,Power_30,random_continuous,medium_wind,22,2417,6863,0.6156431287527084,1.9371509552001953e-06,0.04482323180868483,,3
proposed_weather_diffusion,Power_30,random_continuous,high_wind,22,151,412,0.38435982167720795,0.00026179850101470947,0.06544346830026909,,3
proposed_weather_diffusion,Power_45,random_continuous,low_wind,22,1275,3474,0.5620067417621613,1.8537044525146484e-05,0.033016145383584036,,3
proposed_weather_diffusion,Power_45,random_continuous,medium_wind,22,2409,6847,0.6296840608119965,8.493661880493164e-07,0.05716612315264087,,3
proposed_weather_diffusion,Power_45,random_continuous,high_wind,22,156,419,0.50698147341609,1.8477439880371094e-06,0.07251907418274181,,3
proposed_weather_diffusion,Power_0,random_point,low_wind,33,1163,1163,0.3673578202724457,1.6957521438598633e-05,0.026793202143205595,0.05,
proposed_weather_diffusion,Power_0,random_point,medium_wind,33,2272,2272,0.5442440658807755,1.185387372970581e-05,0.0464201827063898,0.05,
proposed_weather_diffusion,Power_0,random_point,high_wind,33,145,145,0.51898393034935,0.0005706052761524916,0.06767221579071263,0.05,
proposed_weather_diffusion,Power_15,random_point,low_wind,33,1131,1131,0.2296334058046341,9.626150131225586e-06,0.019669636487645716,0.05,
proposed_weather_diffusion,Power_15,random_point,medium_wind,33,2309,2309,0.502844013273716,2.5331974029541016e-07,0.03809053101023526,0.05,
proposed_weather_diffusion,Power_15,random_point,high_wind,33,140,140,0.27347232401371,0.0003814697265625,0.06868648555786681,0.05,
proposed_weather_diffusion,Power_30,random_point,low_wind,33,1149,1149,0.3468731641769409,1.946277916431427e-05,0.02125361958556163,0.05,
proposed_weather_diffusion,Power_30,random_point,medium_wind,33,2293,2293,0.3845043145120144,2.195509978264454e-06,0.03749607605345019,0.05,
proposed_weather_diffusion,Power_30,random_point,high_wind,33,138,138,0.42168913781642914,0.0002240017056465149,0.06583650877776866,0.05,
proposed_weather_diffusion,Power_45,random_point,low_wind,33,1141,1141,0.40328261256217957,3.501772880554199e-05,0.026249097220795138,0.05,
proposed_weather_diffusion,Power_45,random_point,medium_wind,33,2296,2296,0.5994241833686829,1.5459954738616943e-05,0.048675686039496846,0.05,
proposed_weather_diffusion,Power_45,random_point,high_wind,33,143,143,0.4544641599059105,3.68654727935791e-05,0.061226713623350054,0.05,
proposed_weather_diffusion,Power_0,random_continuous,low_wind,33,1136,1136,0.37228161096572876,3.282019679318182e-05,0.027962456195920412,,1
proposed_weather_diffusion,Power_0,random_continuous,medium_wind,33,2300,2300,0.5701608806848526,5.917200240901366e-08,0.04494755914463432,,1
proposed_weather_diffusion,Power_0,random_continuous,high_wind,33,144,144,0.2415265403687954,0.0022592635359615088,0.05816214802810767,,1
proposed_weather_diffusion,Power_15,random_continuous,low_wind,33,1155,1155,0.28290605545043945,1.0788440704345703e-05,0.020307645117523285,,1
proposed_weather_diffusion,Power_15,random_continuous,medium_wind,33,2288,2288,0.42987390607595444,1.3108140137774171e-06,0.039257420044590305,,1
proposed_weather_diffusion,Power_15,random_continuous,high_wind,33,137,137,0.2649342939257622,0.0002943873405456543,0.05882873320289255,,1
proposed_weather_diffusion,Power_30,random_continuous,low_wind,33,1146,1146,0.29877039790153503,1.116852399718482e-05,0.020876241383472518,,1
proposed_weather_diffusion,Power_30,random_continuous,medium_wind,33,2281,2281,0.42911410331726074,2.644956111907959e-06,0.037276965038481324,,1
proposed_weather_diffusion,Power_30,random_continuous,high_wind,33,153,153,0.3840821832418442,0.00014199795259628445,0.0637987421387449,,1
proposed_weather_diffusion,Power_45,random_continuous,low_wind,33,1142,1142,0.3843664079904556,2.5224813725799322e-05,0.027109516062789055,,1
proposed_weather_diffusion,Power_45,random_continuous,medium_wind,33,2295,2295,0.5994806587696075,2.4151695470209233e-06,0.04839866547556931,,1
proposed_weather_diffusion,Power_45,random_continuous,high_wind,33,143,143,0.2775059938430786,0.0020641088485717773,0.07298783504996788,,1
proposed_weather_diffusion,Power_0,random_continuous,low_wind,33,1207,2268,0.534768283367157,4.902482032775879e-06,0.030975432619997193,,2
proposed_weather_diffusion,Power_0,random_continuous,medium_wind,33,2381,4604,0.575546994805336,5.811452865600586e-07,0.0492802421446244,,2
proposed_weather_diffusion,Power_0,random_continuous,high_wind,33,151,288,0.43338456749916077,0.0002128813648596406,0.0706990155473856,,2
proposed_weather_diffusion,Power_15,random_continuous,low_wind,33,1215,2272,0.3813325762748718,1.7978250980377197e-05,0.022913362392628957,,2
proposed_weather_diffusion,Power_15,random_continuous,medium_wind,33,2374,4584,0.5353885293006897,7.878988981246948e-06,0.039866068778660654,,2
proposed_weather_diffusion,Power_15,random_continuous,high_wind,33,162,304,0.283057764172554,8.362531661987305e-05,0.061691519488704216,,2
proposed_weather_diffusion,Power_30,random_continuous,low_wind,33,1186,2250,0.3307010531425476,1.0274948181177024e-06,0.023230911049184823,,2
proposed_weather_diffusion,Power_30,random_continuous,medium_wind,33,2374,4620,0.5843752920627594,8.668750524520874e-06,0.04007408667349996,,2
proposed_weather_diffusion,Power_30,random_continuous,high_wind,33,152,290,0.41348405182361603,0.0003186464309692383,0.06347808899159206,,2
proposed_weather_diffusion,Power_45,random_continuous,low_wind,33,1219,2297,0.5369244515895844,4.8547983169555664e-05,0.029309235220770332,,2
proposed_weather_diffusion,Power_45,random_continuous,medium_wind,33,2361,4578,0.6250213980674744,7.927417755126953e-06,0.05084245615959561,,2
proposed_weather_diffusion,Power_45,random_continuous,high_wind,33,151,285,0.49627135321497917,6.246566772460938e-05,0.07718967957720324,,2
proposed_weather_diffusion,Power_0,random_continuous,low_wind,33,1255,3373,0.5050380229949951,2.403601001788047e-06,0.033187028912736026,,3
proposed_weather_diffusion,Power_0,random_continuous,medium_wind,33,2446,6937,0.6442129984498024,3.606081008911133e-06,0.05168385333163723,,3
proposed_weather_diffusion,Power_0,random_continuous,high_wind,33,163,430,0.6327626407146454,0.0004051327705383301,0.07778533722496006,,3
proposed_weather_diffusion,Power_15,random_continuous,low_wind,33,1256,3358,0.5364750921726227,6.310641765594482e-06,0.025389508574838425,,3
proposed_weather_diffusion,Power_15,random_continuous,medium_wind,33,2459,6962,0.5550485849380493,7.748603820800781e-07,0.044396899147720624,,3
proposed_weather_diffusion,Power_15,random_continuous,high_wind,33,157,420,0.5222364664077759,0.0003802850842475891,0.06707991026092454,,3
proposed_weather_diffusion,Power_30,random_continuous,low_wind,33,1277,3464,0.4645477831363678,9.909272193908691e-07,0.025974143492041756,,3
proposed_weather_diffusion,Power_30,random_continuous,medium_wind,33,2414,6852,0.585267961025238,2.47955322265625e-05,0.043945850592647356,,3
proposed_weather_diffusion,Power_30,random_continuous,high_wind,33,154,424,0.5408250987529755,5.5164098739624023e-05,0.07143955374024545,,3
proposed_weather_diffusion,Power_45,random_continuous,low_wind,33,1254,3419,0.4353186786174774,4.796311259269714e-07,0.030638360688064303,,3
proposed_weather_diffusion,Power_45,random_continuous,medium_wind,33,2416,6914,0.6771657764911652,1.3709068298339844e-06,0.05817925408398648,,3
proposed_weather_diffusion,Power_45,random_continuous,high_wind,33,154,407,0.5497988164424896,0.00035518407821655273,0.08461699577998621,,3
linear_interpolation,Power_0,random_point,low_wind,deterministic,1121,1121,0.5916468799114227,0.0,0.0351275038738971,0.05,
linear_interpolation,Power_0,random_point,medium_wind,deterministic,2313,2313,0.6545122333336622,0.0,0.049432736270749025,0.05,
linear_interpolation,Power_0,random_point,high_wind,deterministic,146,146,0.2242375910282135,0.0,0.048702090391761634,0.05,
linear_interpolation,Power_15,random_point,low_wind,deterministic,1153,1153,0.4467526078224182,0.0,0.033867268925417596,0.05,
linear_interpolation,Power_15,random_point,medium_wind,deterministic,2297,2297,0.6475666910409927,0.0,0.049791092469552864,0.05,
linear_interpolation,Power_15,random_point,high_wind,deterministic,130,130,0.5156175643205643,0.0,0.06677757014448826,0.05,
linear_interpolation,Power_30,random_point,low_wind,deterministic,1162,1162,0.4829404950141907,0.0,0.033183979853937035,0.05,
linear_interpolation,Power_30,random_point,medium_wind,deterministic,2281,2281,0.7634789939038455,0.0,0.052030189655031575,0.05,
linear_interpolation,Power_30,random_point,high_wind,deterministic,137,137,0.522107720375061,0.0,0.08041150337696945,0.05,
linear_interpolation,Power_45,random_point,low_wind,deterministic,1143,1143,0.6079048216342926,0.0,0.03387416243970215,0.05,
linear_interpolation,Power_45,random_point,medium_wind,deterministic,2287,2287,0.6384396255016327,0.0,0.05508627070657381,0.05,
linear_interpolation,Power_45,random_point,high_wind,deterministic,150,150,0.7017141580581665,0.0,0.06507005460560322,0.05,
linear_interpolation,Power_0,random_continuous,low_wind,deterministic,1141,1141,0.7120413780212402,0.0,0.03707784376864519,,1
linear_interpolation,Power_0,random_continuous,medium_wind,deterministic,2289,2289,0.6545122333336622,0.0,0.05172630978097772,,1
linear_interpolation,Power_0,random_continuous,high_wind,deterministic,150,150,0.27432314306497574,0.0,0.05404673208172123,,1
linear_interpolation,Power_15,random_continuous,low_wind,deterministic,1125,1125,0.668946772813797,0.0,0.03423788042599335,,1
linear_interpolation,Power_15,random_continuous,medium_wind,deterministic,2310,2310,0.746918011456728,0.0,0.05265137976231328,,1
linear_interpolation,Power_15,random_continuous,high_wind,deterministic,145,145,0.3098256587982178,0.0,0.07163326614375772,,1
linear_interpolation,Power_30,random_continuous,low_wind,deterministic,1130,1130,0.7004897147417068,0.0,0.03644172132556305,,1
linear_interpolation,Power_30,random_continuous,medium_wind,deterministic,2303,2303,0.736625462770462,0.0,0.051914483583743065,,1
linear_interpolation,Power_30,random_continuous,high_wind,deterministic,147,147,0.4895215928554535,0.0,0.05436985090938808,,1
linear_interpolation,Power_45,random_continuous,low_wind,deterministic,1141,1141,0.4854489490389824,0.0,0.03339540813505216,,1
linear_interpolation,Power_45,random_continuous,medium_wind,deterministic,2297,2297,0.7268919348716736,0.0,0.053756098258607075,,1
linear_interpolation,Power_45,random_continuous,high_wind,deterministic,142,142,0.7649527788162231,0.0,0.06927451150308192,,1
linear_interpolation,Power_0,random_continuous,low_wind,deterministic,1206,2265,0.6597746163606644,0.0,0.041454373972740224,,2
linear_interpolation,Power_0,random_continuous,medium_wind,deterministic,2382,4612,0.7673940695822239,0.0,0.058835605283732106,,2
linear_interpolation,Power_0,random_continuous,high_wind,deterministic,148,283,0.2812683843076229,0.0,0.06494290047315321,,2
linear_interpolation,Power_15,random_continuous,low_wind,deterministic,1192,2252,0.756598673760891,0.0,0.039610713111622536,,2
linear_interpolation,Power_15,random_continuous,medium_wind,deterministic,2390,4640,0.7699156291782856,0.0,0.05936625344974,,2
linear_interpolation,Power_15,random_continuous,high_wind,deterministic,142,268,0.5273975282907486,0.0,0.08470097904218667,,2
linear_interpolation,Power_30,random_continuous,low_wind,deterministic,1213,2281,0.5274781882762909,0.0,0.03799067225371075,,2
linear_interpolation,Power_30,random_continuous,medium_wind,deterministic,2376,4599,0.7347562089562416,0.0,0.05722092497723967,,2
linear_interpolation,Power_30,random_continuous,high_wind,deterministic,149,280,0.6258434653282166,0.0,0.0740594639725584,,2
linear_interpolation,Power_45,random_continuous,low_wind,deterministic,1233,2312,0.6663594096899033,0.0,0.042031171572615135,,2
linear_interpolation,Power_45,random_continuous,medium_wind,deterministic,2360,4565,0.6500513032078743,0.0,0.059938254857657594,,2
linear_interpolation,Power_45,random_continuous,high_wind,deterministic,152,283,0.6870425343513489,0.0,0.069246039636986,,2
linear_interpolation,Power_0,random_continuous,low_wind,deterministic,1256,3390,0.6977902799844742,0.0,0.04772424463104219,,3
linear_interpolation,Power_0,random_continuous,medium_wind,deterministic,2444,6944,0.7734080255031586,0.0,0.06578143651041796,,3
linear_interpolation,Power_0,random_continuous,high_wind,deterministic,154,406,0.49818161129951477,0.0,0.07957852537757511,,3
linear_interpolation,Power_15,random_continuous,low_wind,deterministic,1255,3387,0.808916762471199,0.0,0.045388326267693645,,3
linear_interpolation,Power_15,random_continuous,medium_wind,deterministic,2439,6905,0.7732649222016335,0.0,0.06587602529546382,,3
linear_interpolation,Power_15,random_continuous,high_wind,deterministic,166,448,0.5045154839754105,0.0,0.06533760652902336,,3
linear_interpolation,Power_30,random_continuous,low_wind,deterministic,1282,3400,0.714825227856636,0.0,0.04659332188118376,,3
linear_interpolation,Power_30,random_continuous,medium_wind,deterministic,2444,6912,0.7440825998783112,0.0,0.06459649173102745,,3
linear_interpolation,Power_30,random_continuous,high_wind,deterministic,156,428,0.4851878397166729,0.0,0.07307584582127317,,3
linear_interpolation,Power_45,random_continuous,low_wind,deterministic,1258,3417,0.6202104091644287,0.0,0.047788245931471275,,3
linear_interpolation,Power_45,random_continuous,medium_wind,deterministic,2422,6888,0.8267579283565283,0.0,0.06783250569755495,,3
linear_interpolation,Power_45,random_continuous,high_wind,deterministic,158,435,0.6899496912956238,0.0,0.07342267520297532,,3
