method_id,target_field,mask_type,train_seed,n_windows,n_missing_points,abs_error_max,abs_error_min,MAE,missing_rate,missing_length
gan_imputer,Power_0,random_point,11,3580,3580,0.6038625612854958,1.161918044090271e-05,0.03834499389657282,0.05,
gan_imputer,Power_15,random_point,11,3580,3580,0.5263369083404541,7.6177529990673065e-06,0.03001671889629994,0.05,
gan_imputer,Power_30,random_point,11,3580,3580,0.5556136667728424,4.0978193283081055e-06,0.029165946189499022,0.05,
gan_imputer,Power_45,random_point,11,3580,3580,0.617575153708458,1.2695789337158203e-05,0.04086999604442048,0.05,
gan_imputer,Power_0,random_continuous,11,3580,3580,0.6038625612854958,3.216788172721863e-06,0.03821580775391228,,1
gan_imputer,Power_15,random_continuous,11,3580,3580,0.5263369083404541,7.6177529990673065e-06,0.028906462942887887,,1
gan_imputer,Power_30,random_continuous,11,3580,3580,0.4818984270095825,8.348456503881607e-06,0.029633070609945116,,1
gan_imputer,Power_45,random_continuous,11,3580,3580,0.5607216060161591,2.9087066650390625e-05,0.041319766758646334,,1
gan_imputer,Power_0,random_continuous,11,3580,7160,0.6196414232254028,3.216788172721863e-06,0.0392528549121009,,2
gan_imputer,Power_15,random_continuous,11,3580,7160,0.5569168925285339,7.851841473893728e-06,0.03067209754958335,,2
gan_imputer,Power_30,random_continuous,11,3580,7160,0.49948936700820923,2.905726432800293e-06,0.03147900374086138,,2
gan_imputer,Power_45,random_continuous,11,3580,7160,0.5148429684340954,1.6606254575890489e-06,0.04204632955646458,,2
gan_imputer,Power_0,random_continuous,11,3580,10740,0.6300928443670273,3.216788172721863e-06,0.04250029735455582,,3
gan_imputer,Power_15,random_continuous,11,3580,10740,0.5485586076974869,5.081295967102051e-06,0.03457455814307555,,3
gan_imputer,Power_30,random_continuous,11,3580,10740,0.6216428279876709,1.0216807822871488e-05,0.035042291401454234,,3
gan_imputer,Power_45,random_continuous,11,3580,10740,0.6398710608482361,3.9674341678619385e-07,0.04472346551590553,,3
gan_imputer,Power_0,random_point,22,3580,3580,0.6140847727656364,4.649663605960086e-05,0.03929506200244185,0.05,
gan_imputer,Power_15,random_point,22,3580,3580,0.5054455175995827,3.471970558166504e-06,0.02947819417268524,0.05,
gan_imputer,Power_30,random_point,22,3580,3580,0.5091646192595363,1.1026859283447266e-06,0.030141396182541268,0.05,
gan_imputer,Power_45,random_point,22,3580,3580,0.540668785572052,1.795036382645776e-06,0.04096118934179048,0.05,
gan_imputer,Power_0,random_continuous,22,3580,3580,0.6140847727656364,3.215455990357441e-06,0.03876266733346697,,1
gan_imputer,Power_15,random_continuous,22,3580,3580,0.5054455175995827,3.471970558166504e-06,0.02909731607535644,,1
gan_imputer,Power_30,random_continuous,22,3580,3580,0.42968249693512917,7.119029760360718e-06,0.030018595670841357,,1
gan_imputer,Power_45,random_continuous,22,3580,3580,0.5657528359442949,1.9723720470210537e-05,0.04066492682432609,,1
gan_imputer,Power_0,random_continuous,22,3580,7160,0.6140847727656364,5.764989055023761e-07,0.03872614313579685,,2
gan_imputer,Power_15,random_continuous,22,3580,7160,0.6154271960258484,5.366280674934387e-06,0.0316086770716284,,2
gan_imputer,Power_30,random_continuous,22,3580,7160,0.5385034680366516,1.221917614202539e-06,0.031293047812277465,,2
gan_imputer,Power_45,random_continuous,22,3580,7160,0.6447293758392334,1.795036382645776e-06,0.04413564540730534,,2
gan_imputer,Power_0,random_continuous,22,3580,10740,0.6140847727656364,9.406358003616333e-08,0.04298087840766,,3
gan_imputer,Power_15,random_continuous,22,3580,10740,0.5760739594697952,3.471970558166504e-06,0.03470676199169258,,3
gan_imputer,Power_30,random_continuous,22,3580,10740,0.6675823926925659,3.432855010032654e-06,0.035393184089558535,,3
gan_imputer,Power_45,random_continuous,22,3580,10740,0.7444590777158737,1.795036382645776e-06,0.046885556048017175,,3
gan_imputer,Power_0,random_point,33,3580,3580,0.6044645830988884,1.064334992406657e-05,0.03700022685792591,0.05,
gan_imputer,Power_15,random_point,33,3580,3580,0.5081679597496986,1.0747731948868022e-06,0.02827427964440581,0.05,
gan_imputer,Power_30,random_point,33,3580,3580,0.41001518070697784,2.4110078811645508e-05,0.029006915898649344,0.05,
gan_imputer,Power_45,random_point,33,3580,3580,0.5598717927932739,2.978719749080483e-06,0.03668442372817349,0.05,
gan_imputer,Power_0,random_continuous,33,3580,3580,0.6044645830988884,1.1415820289073508e-08,0.03701730871958458,,1
gan_imputer,Power_15,random_continuous,33,3580,3580,0.42309348098933697,1.0747731948868022e-06,0.029445240077412994,,1
gan_imputer,Power_30,random_continuous,33,3580,3580,0.4762665629386902,3.814697265625e-06,0.029922598151329645,,1
gan_imputer,Power_45,random_continuous,33,3580,3580,0.5598717927932739,3.503262996673584e-05,0.03770913062764849,,1
gan_imputer,Power_0,random_continuous,33,3580,7160,0.6044645830988884,1.1415820289073508e-08,0.039400826537569086,,2
gan_imputer,Power_15,random_continuous,33,3580,7160,0.44008302688598633,1.0747731948868022e-06,0.030712596662642196,,2
gan_imputer,Power_30,random_continuous,33,3580,7160,0.546922504901886,3.814697265625e-06,0.032528496664004154,,2
gan_imputer,Power_45,random_continuous,33,3580,7160,0.6038710474967957,2.978719749080483e-06,0.03990669753809737,,2
gan_imputer,Power_0,random_continuous,33,3580,10740,0.6666142344474792,2.366880153203965e-06,0.04209550386579857,,3
gan_imputer,Power_15,random_continuous,33,3580,10740,0.8357871174812317,1.0747731948868022e-06,0.03403097079666301,,3
gan_imputer,Power_30,random_continuous,33,3580,10740,0.5635485053062439,3.814697265625e-06,0.03616299650025051,,3
gan_imputer,Power_45,random_continuous,33,3580,10740,0.6544920802116394,2.3245811462402344e-06,0.04409658042243844,,3
diffusion_no_weather,Power_0,random_point,11,3580,3580,0.5904670357704163,3.814697265625e-06,0.04030427331368735,0.05,
diffusion_no_weather,Power_15,random_point,11,3580,3580,0.47700832039117813,8.374452590942383e-06,0.032493633687828566,0.05,
diffusion_no_weather,Power_30,random_point,11,3580,3580,0.6584561131894588,3.1050294637680054e-06,0.03569827405059712,0.05,
diffusion_no_weather,Power_45,random_point,11,3580,3580,0.7067223154008389,1.1146068572998047e-05,0.04033298079087486,0.05,
diffusion_no_weather,Power_0,random_continuous,11,3580,3580,0.5903400704264641,3.330409526824951e-06,0.0403532778742313,,1
diffusion_no_weather,Power_15,random_continuous,11,3580,3580,0.4550726246088743,5.794398475700291e-06,0.03144662833871783,,1
diffusion_no_weather,Power_30,random_continuous,11,3580,3580,0.43195609748363495,9.468876100982015e-07,0.03589789966418572,,1
diffusion_no_weather,Power_45,random_continuous,11,3580,3580,0.6169229447841644,2.1504665710381232e-06,0.04071401559495081,,1
diffusion_no_weather,Power_0,random_continuous,11,3580,7160,0.5817976295948029,1.3172626495361328e-05,0.03983788917093227,,2
diffusion_no_weather,Power_15,random_continuous,11,3580,7160,0.5631214380264282,1.3771185649602558e-06,0.031893500708288954,,2
diffusion_no_weather,Power_30,random_continuous,11,3580,7160,0.4346213787794113,9.834766387939453e-07,0.037851839474574926,,2
diffusion_no_weather,Power_45,random_continuous,11,3580,7160,0.530599694699049,1.6837137764014187e-06,0.041428644732035794,,2
diffusion_no_weather,Power_0,random_continuous,11,3580,10740,0.7710367050021887,1.1480510693218093e-06,0.043637075180490904,,3
diffusion_no_weather,Power_15,random_continuous,11,3580,10740,0.5476471036672592,3.8743019104003906e-07,0.03580237769146307,,3
diffusion_no_weather,Power_30,random_continuous,11,3580,10740,0.5543214678764343,2.5597400963306427e-06,0.04036126795619966,,3
diffusion_no_weather,Power_45,random_continuous,11,3580,10740,0.5717285424470901,2.9266897794144597e-09,0.04455493611910265,,3
diffusion_no_weather,Power_0,random_point,22,3580,3580,0.6028913855552673,1.0367017239332199e-05,0.04163242824301529,0.05,
diffusion_no_weather,Power_15,random_point,22,3580,3580,0.4998466596007347,1.0952353477478027e-05,0.028663469838867875,0.05,
diffusion_no_weather,Power_30,random_point,22,3580,3580,0.43208326399326324,5.461275577545166e-06,0.03046420835352258,0.05,
diffusion_no_weather,Power_45,random_point,22,3580,3580,0.5311602652072906,1.6746491837693611e-06,0.037017644785169515,0.05,
diffusion_no_weather,Power_0,random_continuous,22,3580,3580,0.5817723274230957,1.712888479232788e-05,0.03998297656995094,,1
diffusion_no_weather,Power_15,random_continuous,22,3580,3580,0.472292996942997,7.502734661102295e-06,0.029811231625150952,,1
diffusion_no_weather,Power_30,random_continuous,22,3580,3580,0.44188378006219864,2.078711986541748e-06,0.032187419882416815,,1
diffusion_no_weather,Power_45,random_continuous,22,3580,3580,0.5320593193173409,1.2089912161172833e-05,0.03731209597024965,,1
diffusion_no_weather,Power_0,random_continuous,22,3580,7160,0.5626365840435028,2.7138739824295044e-05,0.040120805359114275,,2
diffusion_no_weather,Power_15,random_continuous,22,3580,7160,0.620863176882267,1.341104507446289e-07,0.030313216787529053,,2
diffusion_no_weather,Power_30,random_continuous,22,3580,7160,0.41669872403144836,5.245208740234375e-06,0.03165783465056154,,2
diffusion_no_weather,Power_45,random_continuous,22,3580,7160,0.6239396631717682,4.283156158635393e-06,0.03985221136996758,,2
diffusion_no_weather,Power_0,random_continuous,22,3580,10740,0.6094255149364471,1.7285346984863281e-06,0.04408836592539843,,3
diffusion_no_weather,Power_15,random_continuous,22,3580,10740,0.7342694252729416,2.7865171432495117e-06,0.032882573553408526,,3
diffusion_no_weather,Power_30,random_continuous,22,3580,10740,0.7025482803583145,1.1920928955078125e-07,0.0357915467564751,,3
diffusion_no_weather,Power_45,random_continuous,22,3580,10740,0.7506911605596542,2.544296194173512e-06,0.04206192036081224,,3
diffusion_no_weather,Power_0,random_point,33,3580,3580,0.5754270553588867,5.6032886277535e-06,0.04034355340916301,0.05,
diffusion_no_weather,Power_15,random_point,33,3580,3580,0.5208499804139137,9.816408237384167e-06,0.03080206112807057,0.05,
diffusion_no_weather,Power_30,random_point,33,3580,3580,0.4217950701713562,9.812414646148682e-06,0.033529109266403,0.05,
diffusion_no_weather,Power_45,random_point,33,3580,3580,0.5758813321590424,3.129243850708008e-06,0.04265510920803759,0.05,
diffusion_no_weather,Power_0,random_continuous,33,3580,3580,0.5769850611686707,2.1105746782268398e-05,0.03911024068128981,,1
diffusion_no_weather,Power_15,random_continuous,33,3580,3580,0.4600676894187927,3.844499588012695e-06,0.03229194664072667,,1
diffusion_no_weather,Power_30,random_continuous,33,3580,3580,0.4047785848379135,3.3229589462280273e-06,0.03270231494669606,,1
diffusion_no_weather,Power_45,random_continuous,33,3580,3580,0.5853370726108551,5.560818863159511e-06,0.04241390256556795,,1
diffusion_no_weather,Power_0,random_continuous,33,3580,7160,0.6773121990263462,6.256107099034125e-07,0.04341753499875197,,2
diffusion_no_weather,Power_15,random_continuous,33,3580,7160,0.4385865218937397,1.9371509552001953e-06,0.03303803145385901,,2
diffusion_no_weather,Power_30,random_continuous,33,3580,7160,0.5403904616832733,3.0249357223510742e-06,0.03581551496214134,,2
diffusion_no_weather,Power_45,random_continuous,33,3580,7160,0.5552779585123062,1.6689300537109375e-06,0.04538411623213319,,2
diffusion_no_weather,Power_0,random_continuous,33,3580,10740,0.6969753571320325,6.420537829399109e-06,0.04564922068663481,,3
diffusion_no_weather,Power_15,random_continuous,33,3580,10740,0.6531107574701309,6.854534149169922e-07,0.036284098945381434,,3
diffusion_no_weather,Power_30,random_continuous,33,3580,10740,0.6634199619293213,1.048436388373375e-06,0.03821350661257335,,3
diffusion_no_weather,Power_45,random_continuous,33,3580,10740,0.6392656564712524,3.1962990760803223e-06,0.051338438605563426,,3
proposed_weather_diffusion,Power_0,random_point,11,3580,3580,0.6001644358038902,1.3463199138641357e-05,0.046251971200730845,0.05,
proposed_weather_diffusion,Power_15,random_point,11,3580,3580,0.5068791285157204,1.6130506992340088e-05,0.033966052736625556,0.05,
proposed_weather_diffusion,Power_30,random_point,11,3580,3580,0.6460745744407177,5.295500159263611e-06,0.034602338884986865,0.05,
proposed_weather_diffusion,Power_45,random_point,11,3580,3580,0.6709519624710083,6.243586540222168e-06,0.0417483529614772,0.05,
proposed_weather_diffusion,Power_0,random_continuous,11,3580,3580,0.5769588798284531,1.6817024516058154e-05,0.04587696842969338,,1
proposed_weather_diffusion,Power_15,random_continuous,11,3580,3580,0.46405068039894104,9.074807167053223e-06,0.03267257215821096,,1
proposed_weather_diffusion,Power_30,random_continuous,11,3580,3580,0.5028608292341232,1.8388874423180823e-06,0.0348878964844039,,1
proposed_weather_diffusion,Power_45,random_continuous,11,3580,3580,0.5447314381599426,1.1037956028303597e-05,0.04226191958682076,,1
proposed_weather_diffusion,Power_0,random_continuous,11,3580,7160,0.6070000305771828,6.9599877861037385e-06,0.04646231456324173,,2
proposed_weather_diffusion,Power_15,random_continuous,11,3580,7160,0.4924622029066086,7.771685886837076e-06,0.034624411216839936,,2
proposed_weather_diffusion,Power_30,random_continuous,11,3580,7160,0.45104265213012695,6.191969077917747e-06,0.03747125881222801,,2
proposed_weather_diffusion,Power_45,random_continuous,11,3580,7160,0.5387908667325974,2.7216970920562744e-05,0.043782566427313346,,2
proposed_weather_diffusion,Power_0,random_continuous,11,3580,10740,0.707179605960846,3.6740675568580627e-06,0.05128952083114352,,3
proposed_weather_diffusion,Power_15,random_continuous,11,3580,10740,0.5627653300762177,1.944601535797119e-06,0.03813039148307557,,3
proposed_weather_diffusion,Power_30,random_continuous,11,3580,10740,0.512719064950943,1.5497207641601562e-06,0.04165601406897581,,3
proposed_weather_diffusion,Power_45,random_continuous,11,3580,10740,0.5560076832771301,3.4049153327941895e-06,0.047625760722992884,,3
proposed_weather_diffusion,Power_0,random_point,22,3580,3580,0.5505355447530746,5.796551704406738e-06,0.04381589295648988,0.05,
proposed_weather_diffusion,Power_15,random_point,22,3580,3580,0.49930379539728165,2.2221356630325317e-05,0.034314189537957514,0.05,
proposed_weather_diffusion,Power_30,random_point,22,3580,3580,0.4343053251504898,2.816319465637207e-06,0.033602638212471767,0.05,
proposed_weather_diffusion,Power_45,random_point,22,3580,3580,0.5365163385868073,4.544854164123535e-07,0.04188000053779418,0.05,
proposed_weather_diffusion,Power_0,random_continuous,22,3580,3580,0.5667274743318558,9.059906005859375e-06,0.04215856440893411,,1
proposed_weather_diffusion,Power_15,random_continuous,22,3580,3580,0.47696129232645035,1.608827915333677e-08,0.03488626252405618,,1
proposed_weather_diffusion,Power_30,random_continuous,22,3580,3580,0.3989156223833561,6.32554292678833e-06,0.0343530834697196,,1
proposed_weather_diffusion,Power_45,random_continuous,22,3580,3580,0.5837480537593365,1.2706965208053589e-05,0.0431108234025924,,1
proposed_weather_diffusion,Power_0,random_continuous,22,3580,7160,0.5629659295082092,7.152557373046875e-07,0.04349810696722542,,2
proposed_weather_diffusion,Power_15,random_continuous,22,3580,7160,0.5795960202813148,3.1601568935002433e-06,0.03743112278206669,,2
proposed_weather_diffusion,Power_30,random_continuous,22,3580,7160,0.43471910059452057,4.507601261138916e-07,0.034742383508101514,,2
proposed_weather_diffusion,Power_45,random_continuous,22,3580,7160,0.6128536760807037,2.678463033589651e-06,0.04703054178030175,,2
proposed_weather_diffusion,Power_0,random_continuous,22,3580,10740,0.6638153940439224,8.87550413608551e-07,0.049247333901161885,,3
proposed_weather_diffusion,Power_15,random_continuous,22,3580,10740,0.5917012095451355,5.7220458984375e-06,0.040899724825057104,,3
proposed_weather_diffusion,Power_30,random_continuous,22,3580,10740,0.6156431287527084,1.9371509552001953e-06,0.03898002414147967,,3
proposed_weather_diffusion,Power_45,random_continuous,22,3580,10740,0.6296840608119965,8.493661880493164e-07,0.04995344752060259,,3
proposed_weather_diffusion,Power_0,random_point,33,3580,3580,0.5442440658807755,1.185387372970581e-05,0.04090492192489359,0.05,
proposed_weather_diffusion,Power_15,random_point,33,3580,3580,0.502844013273716,2.5331974029541016e-07,0.0334674589240955,0.05,
proposed_weather_diffusion,Power_30,random_point,33,3580,3580,0.42168913781642914,2.195509978264454e-06,0.03337551662170494,0.05,
proposed_weather_diffusion,Power_45,random_point,33,3580,3580,0.5994241833686829,1.5459954738616943e-05,0.04202933383345002,0.05,
proposed_weather_diffusion,Power_0,random_continuous,33,3580,3580,0.5701608806848526,5.917200240901366e-08,0.040089409381919565,,1
proposed_weather_diffusion,Power_15,random_continuous,33,3580,3580,0.42987390607595444,1.3108140137774171e-06,0.03389269374903863,,1
proposed_weather_diffusion,Power_30,random_continuous,33,3580,3580,0.42911410331726074,2.644956111907959e-06,0.03316037358253167,,1
proposed_weather_diffusion,Power_45,random_continuous,33,3580,3580,0.5994806587696075,2.4151695470209233e-06,0.04258973883303968,,1
proposed_weather_diffusion,Power_0,random_continuous,33,3580,7160,0.575546994805336,5.811452865600586e-07,0.04434355202425299,,2
proposed_weather_diffusion,Power_15,random_continuous,33,3580,7160,0.5353885293006897,7.878988981246948e-06,0.0354133296874301,,2
proposed_weather_diffusion,Power_30,random_continuous,33,3580,7160,0.5843752920627594,1.0274948181177024e-06,0.035729116773714716,,2
proposed_weather_diffusion,Power_45,random_continuous,33,3580,7160,0.6250213980674744,7.927417755126953e-06,0.04498311959221244,,2
proposed_weather_diffusion,Power_0,random_continuous,33,3580,10740,0.6442129984498024,2.403601001788047e-06,0.04691977971051759,,3
proposed_weather_diffusion,Power_15,random_continuous,33,3580,10740,0.5550485849380493,7.748603820800781e-07,0.03934103761362446,,3
proposed_weather_diffusion,Power_30,random_continuous,33,3580,10740,0.585267961025238,9.909272193908691e-07,0.03923480187179855,,3
proposed_weather_diffusion,Power_45,random_continuous,33,3580,10740,0.6771657764911652,4.796311259269714e-07,0.050413690429388154,,3
linear_interpolation,Power_0,random_point,deterministic,3580,3580,0.6545122333336622,0.0,0.044923563138010714,0.05,
linear_interpolation,Power_15,random_point,deterministic,3580,3580,0.6475666910409927,0.0,0.045279381171048294,0.05,
linear_interpolation,Power_30,random_point,deterministic,3580,3580,0.7634789939038455,0.0,0.04699916847934264,0.05,
linear_interpolation,Power_45,random_point,deterministic,3580,3580,0.7017141580581665,0.0,0.048732116470769374,0.05,
linear_interpolation,Power_0,random_continuous,deterministic,3580,3580,0.7120413780212402,0.0,0.04715484710640792,,1
linear_interpolation,Power_15,random_continuous,deterministic,3580,3580,0.746918011456728,0.0,0.047633834167885775,,1
linear_interpolation,Power_30,random_continuous,deterministic,3580,3580,0.736625462770462,0.0,0.047131443819811894,,1
linear_interpolation,Power_45,random_continuous,deterministic,3580,3580,0.7649527788162231,0.0,0.04788237402669067,,1
linear_interpolation,Power_0,random_continuous,deterministic,3580,7160,0.7673940695822239,0.0,0.053578604671889865,,2
linear_interpolation,Power_15,random_continuous,deterministic,3580,7160,0.7699156291782856,0.0,0.0541009223907086,,2
linear_interpolation,Power_30,random_continuous,deterministic,3580,7160,0.7347562089562416,0.0,0.05175312951024523,,2
linear_interpolation,Power_45,random_continuous,deterministic,3580,7160,0.6870425343513489,0.0,0.054523859122675995,,2
linear_interpolation,Power_0,random_continuous,deterministic,3580,10740,0.7734080255031586,0.0,0.06060338600846097,,3
linear_interpolation,Power_15,random_continuous,deterministic,3580,10740,0.808916762471199,0.0,0.05939250125315257,,3
linear_interpolation,Power_30,random_continuous,deterministic,3580,10740,0.7440825998783112,0.0,0.059235075163164945,,3
linear_interpolation,Power_45,random_continuous,deterministic,3580,10740,0.8267579283565283,0.0,0.06168171315697301,,3
